,Unnamed: 0,filename,width,height,class,xmin,ymin,xmax,ymax
0,0,motor_74.jpg,640,466,motor_walker,94,28,477,439
1,1,motor_81.jpg,612,503,motor_walker,222,60,532,503
2,2,motor_70.jpg,640,468,motor_walker,233,140,538,357
3,3,motor_73.jpg,640,539,motor_walker,423,226,577,464
4,4,motor_77.jpg,612,408,motor_walker,151,55,402,408
5,5,motor_71.jpg,640,466,motor_walker,216,73,419,412
6,6,motor_82.jpg,612,408,motor_walker,53,80,491,408
7,7,motor_66.jpg,640,445,motor_walker,241,35,578,370
8,8,motor_66.jpg,640,445,motor_walker,20,41,322,355
9,9,motor_76.jpg,612,408,motor_walker,202,126,433,287
10,10,motor_69.jpg,422,680,motor_walker,37,63,422,629
11,11,motor_79.jpg,409,612,motor_walker,107,217,408,608
12,12,motor_78.jpg,398,612,motor_walker,40,170,354,612
13,13,motor_67.jpg,640,466,motor_walker,54,58,616,389
14,14,motor_72.jpg,640,466,motor_walker,102,26,380,435
15,15,motor_64.jpg,640,466,motor_walker,152,124,522,409
16,16,motor_60.jpg,640,467,motor_walker,320,140,488,332
17,17,motor_48.jpg,1300,956,motor_walker,54,22,675,865
18,18,motor_48.jpg,1300,956,motor_walker,266,4,938,866
19,19,motor_61.jpg,427,680,motor_walker,52,173,289,625
20,20,motor_49.jpg,1300,957,motor_walker,389,161,799,781
21,21,motor_63.jpg,640,466,motor_walker,73,1,446,429
22,22,motor_59.jpg,422,680,motor_walker,46,84,422,613
23,23,motor_52.jpg,612,379,motor_walker,124,47,583,379
24,24,motor_53.jpg,612,408,motor_walker,227,45,551,408
25,25,motor_50.jpg,866,1390,motor_walker,215,447,569,1054
26,26,motor_58.jpg,427,680,motor_walker,2,208,217,519
27,27,motor_51.jpg,600,900,motor_walker,153,278,503,742
28,28,motor_47.jpg,1300,956,motor_walker,322,83,771,825
29,29,motor_47.jpg,1300,956,motor_walker,539,117,1006,866
30,30,motor_56.jpg,640,467,motor_walker,260,27,514,402
31,31,motor_43.jpg,433,650,motor_walker,33,138,319,614
32,32,motor_34.jpg,1300,864,motor_walker,834,389,967,591
33,33,motor_32.jpg,1300,866,motor_walker,493,226,1121,673
34,34,motor_30.jpg,800,533,motor_walker,233,96,650,533
35,35,motor_39.jpg,1300,861,motor_walker,694,97,1088,834
36,36,motor_37.jpg,866,1300,motor_walker,147,209,673,1122
37,37,motor_40.jpg,1300,866,motor_walker,530,279,770,681
38,38,motor_31.jpg,1300,866,motor_walker,457,176,1098,675
39,39,motor_42.jpg,540,360,motor_walker,141,108,400,316
40,40,motor_35.jpg,1300,866,motor_walker,488,130,891,784
41,41,motor_38.jpg,866,1300,motor_walker,134,304,790,1253
42,42,motor_33.jpg,1300,866,motor_walker,58,47,1024,743
43,43,motor_41.jpg,439,600,motor_walker,47,61,347,569
44,44,motor_36.jpg,866,1300,motor_walker,120,182,773,1157
45,45,motor_193.jpg,866,1390,motor_walker,219,466,534,1026
46,46,motor_191.jpg,1300,959,motor_walker,148,293,471,729
47,47,motor_191.jpg,1300,959,bike_walker,948,206,1269,673
48,48,motor_206.jpg,650,433,motor_walker,39,46,371,433
49,49,motor_206.jpg,650,433,motor_walker,238,35,560,433
50,50,motor_204.jpg,678,452,motor_walker,208,36,485,452
51,51,motor_207.jpg,960,640,motor_walker,61,74,712,640
52,52,motor_194.jpg,1300,975,motor_walker,319,293,779,744
53,53,motor_176.jpg,464,612,motor_walker,21,61,464,568
54,54,motor_180.jpg,612,409,motor_walker,15,28,268,403
55,55,motor_185.jpg,612,416,motor_walker,85,14,444,380
56,56,motor_190.jpg,612,494,motor_walker,45,38,495,467
57,57,motor_177.jpg,612,408,motor_walker,197,160,407,408
58,58,motor_177.jpg,612,408,motor_walker,421,225,528,360
59,59,motor_184.jpg,581,569,motor_walker,51,43,521,512
60,60,motor_200.jpg,600,401,motor_walker,231,77,471,356
61,61,motor_178.jpg,612,421,motor_walker,162,91,406,333
62,62,motor_108.jpg,390,612,motor_walker,1,218,316,612
63,63,motor_118.jpg,612,423,motor_walker,184,67,418,378
64,64,motor_115.jpg,486,612,motor_walker,66,27,337,492
65,65,motor_109.jpg,612,447,motor_walker,264,19,515,424
66,66,motor_117.jpg,612,408,motor_walker,245,24,444,335
67,67,motor_113.jpg,612,409,motor_walker,454,178,602,347
68,68,motor_105.jpg,612,607,motor_walker,259,165,509,504
69,69,motor_114.jpg,612,408,motor_walker,98,19,424,406
70,70,motor_106.jpg,612,407,motor_walker,166,66,419,368
71,71,motor_119.jpg,612,387,motor_walker,309,51,520,325
72,72,motor_104.jpg,612,390,motor_walker,35,88,250,357
73,73,motor_111.jpg,612,407,motor_walker,205,52,409,402
74,74,motor_101.jpg,612,408,motor_walker,152,84,551,385
75,75,motor_112.jpg,612,445,motor_walker,133,27,433,445
76,76,bike_884.jpg,1300,866,bike_walker,560,110,948,693
77,77,bike_884.jpg,1300,866,bike_walker,89,91,479,678
78,78,bike_880.jpg,1140,802,bike_walker,413,9,889,802
79,79,bike_879.jpg,1600,1157,bike_walker,582,81,1281,1036
80,80,bike_890.jpg,291,173,bike_walker,160,17,241,130
81,81,bike_890.jpg,291,173,bike_walker,248,11,284,70
82,82,bike_890.jpg,291,173,bike_walker,1,12,153,173
83,83,bike_888.jpg,1300,957,bike_walker,191,194,722,871
84,84,bike_885.jpg,866,1390,bike_walker,69,503,743,1238
85,85,bike_876.jpg,1300,956,bike_walker,184,91,658,796
86,86,bike_876.jpg,1300,956,bike_walker,660,48,1168,815
87,87,bike_877.jpg,1600,1167,bike_walker,960,69,1600,1063
88,88,bike_877.jpg,1600,1167,bike_walker,151,70,903,1081
89,89,bike_875.jpg,853,480,bike_walker,363,16,619,442
90,90,bike_887.jpg,863,1390,bike_walker,126,106,794,1138
91,91,bike_881.jpg,710,400,bike_walker,94,10,421,400
92,92,bike_886.jpg,866,1300,bike_walker,184,190,643,1035
93,93,bike_889.jpg,1024,683,bike_walker,1,170,502,683
94,94,bike_913.jpg,1200,800,bike_walker,494,154,907,758
95,95,bike_916.jpg,318,450,bike_walker,47,178,197,447
96,96,bike_924.jpg,273,185,bike_walker,148,14,259,185
97,97,bike_924.jpg,273,185,bike_walker,93,34,148,175
98,98,bike_914.jpg,730,487,bike_walker,210,141,384,435
99,99,bike_922.jpg,307,460,bike_walker,99,202,199,435
100,100,bike_922.jpg,307,460,bike_walker,205,199,307,418
101,101,bike_919.jpg,866,1390,bike_walker,165,262,547,994
102,102,bike_925.jpg,500,373,bike_walker,200,140,308,351
103,103,bike_925.jpg,500,373,bike_walker,356,139,471,365
104,104,bike_925.jpg,500,373,bike_walker,73,128,199,350
105,105,bike_923.jpg,1500,1125,bike_walker,550,285,952,1088
106,106,bike_920.jpg,450,318,bike_walker,123,55,243,290
107,107,bike_918.jpg,866,1390,bike_walker,166,184,756,1285
108,108,bike_926.jpg,467,700,bike_walker,63,164,319,678
109,109,bike_921.jpg,1300,956,bike_walker,369,326,532,633
110,110,bike_921.jpg,1300,956,bike_walker,218,357,372,657
111,111,bike_928.jpg,1300,866,bike_walker,564,65,1057,748
112,112,bike_915.jpg,1300,956,bike_walker,448,116,821,758
113,113,motor_315.jpg,398,653,motor_walker,60,38,373,640
114,114,bike_869.jpg,1200,800,bike_walker,275,110,762,800
115,115,bike_865.jpg,867,1300,bike_walker,21,33,867,1300
116,116,bike_871.jpg,650,433,bike_walker,206,68,394,361
117,117,bike_858.jpg,1300,867,bike_walker,20,1,643,764
118,118,bike_866.jpg,867,1300,bike_walker,114,129,659,1238
119,119,bike_867.jpg,193,262,bike_walker,20,41,157,249
120,120,bike_863.jpg,590,332,bike_walker,215,11,496,328
121,121,bike_862.jpg,300,470,bike_walker,52,24,279,411
122,122,bike_864.jpg,1256,1390,bike_walker,438,200,986,1178
123,123,bike_868.jpg,177,285,bike_walker,45,67,167,264
124,124,bike_861.jpg,801,1200,bike_walker,79,96,579,1171
125,125,bike_872.jpg,1300,958,bike_walker,90,125,620,878
126,126,bike_873.jpg,275,183,bike_walker,67,14,192,183
127,127,bike_859.jpg,683,1024,bike_walker,211,168,580,919
128,128,motor_84.jpg,612,408,motor_walker,252,88,387,287
129,129,bike_854.jpg,956,1300,bike_walker,47,123,535,1039
130,130,bike_840.jpg,1068,1700,bike_walker,198,367,1068,1604
131,131,bike_837.jpg,2900,3050,bike_walker,869,68,2840,2955
132,132,bike_846.jpg,866,1300,bike_walker,161,253,573,1124
133,133,bike_851.jpg,801,1200,bike_walker,54,100,579,1171
134,134,bike_839.jpg,250,250,bike_walker,19,37,148,202
135,135,bike_852.jpg,800,613,bike_walker,372,96,730,575
136,136,bike_843.jpg,626,939,bike_walker,213,184,514,871
137,137,bike_853.jpg,975,1300,bike_walker,105,85,820,1183
138,138,bike_836.jpg,866,1300,bike_walker,80,86,776,1242
139,139,bike_838.jpg,860,839,bike_walker,23,18,854,784
140,140,bike_848.jpg,895,1200,bike_walker,396,345,740,1067
141,141,bike_847.jpg,800,1200,bike_walker,249,318,597,992
142,142,bike_844.jpg,626,938,bike_walker,44,290,483,930
143,143,motor_235.jpg,700,704,motor_walker,157,13,622,696
144,144,motor_120.jpg,612,408,motor_walker,365,205,504,314
145,145,motor_271.jpg,1600,1164,motor_walker,782,182,1246,1067
146,146,motor_209.jpg,400,600,motor_walker,14,33,311,571
147,147,motor_140.jpg,612,408,motor_walker,424,195,579,399
148,148,bike_894.jpg,852,480,bike_walker,219,24,576,418
149,149,bike_911.jpg,640,960,bike_walker,168,296,441,792
150,150,bike_910.jpg,275,183,bike_walker,86,26,178,165
151,151,bike_910.jpg,275,183,bike_walker,16,32,82,183
152,152,bike_903.jpg,1200,960,bike_walker,373,243,741,834
153,153,bike_905.jpg,958,1300,bike_walker,193,515,581,1207
154,154,bike_906.jpg,957,1300,bike_walker,174,293,628,1071
155,155,bike_895.jpg,1300,956,bike_walker,152,300,910,806
156,156,bike_902.jpg,1300,867,bike_walker,260,63,600,797
157,157,bike_898.jpg,450,320,bike_walker,57,30,317,302
158,158,bike_900.jpg,1300,866,bike_walker,142,68,889,862
159,159,bike_897.jpg,620,413,bike_walker,1,63,346,413
160,160,bike_893.jpg,500,375,bike_walker,13,41,459,375
161,161,bike_908.jpg,1120,747,bike_walker,65,61,450,707
162,162,bike_899.jpg,1300,866,bike_walker,177,18,1056,848
163,163,bike_935.jpg,512,341,bike_walker,92,51,293,317
164,164,bike_931.jpg,640,640,bike_walker,55,174,294,595
165,165,bike_931.jpg,640,640,bike_walker,328,201,572,618
166,166,motor_12.jpg,800,600,motor_walker,274,132,484,406
167,167,motor_4.jpg,650,433,motor_walker,265,13,628,433
168,168,motor_10.jpg,800,535,motor_walker,283,152,487,522
169,169,motor_3.jpg,650,434,motor_walker,228,53,531,429
170,170,motor_11.jpg,509,449,motor_walker,52,76,418,427
171,171,motor_7.jpg,650,488,motor_walker,25,93,425,475
172,172,bike_934.jpg,194,259,bike_walker,13,38,168,256
173,173,motor_1.jpg,645,451,motor_walker,261,90,641,451
174,174,bike_933.jpg,730,487,bike_walker,146,82,411,477
175,175,bike_938.jpg,955,1300,bike_walker,416,227,851,1149
176,176,bike_939.jpg,800,550,bike_walker,158,139,379,483
177,177,motor_2.jpg,394,531,motor_walker,75,19,390,479
178,178,motor_13.jpg,800,533,motor_walker,342,200,448,351
179,179,bike_891.jpg,975,1390,bike_walker,410,548,681,944
180,180,bike_891.jpg,975,1390,bike_walker,492,456,534,521
181,181,bike_891.jpg,975,1390,bike_walker,466,452,490,500
182,182,bike_912.jpg,866,1390,bike_walker,164,229,646,1145
183,183,motor_29.jpg,800,533,motor_walker,267,165,439,400
184,184,motor_29.jpg,800,533,motor_walker,162,163,367,413
185,185,motor_100.jpg,612,408,motor_walker,199,32,479,369
186,186,motor_27.jpg,473,640,motor_walker,122,162,376,589
187,187,motor_18.jpg,800,533,motor_walker,170,95,623,501
188,188,motor_19.jpg,1200,800,motor_walker,307,3,970,779
189,189,motor_20.jpg,564,564,motor_walker,69,227,493,499
190,190,motor_16.jpg,600,900,motor_walker,62,206,481,743
191,191,motor_24.jpg,432,640,motor_walker,11,34,375,640
192,192,motor_23.jpg,453,583,motor_walker,56,10,440,573
193,193,motor_26.jpg,564,564,motor_walker,182,18,564,527
194,194,motor_28.jpg,800,533,motor_walker,344,188,442,357
195,195,motor_14.jpg,800,533,motor_walker,222,144,402,405
196,196,motor_14.jpg,800,533,motor_walker,333,137,505,424
197,197,motor_22.jpg,552,394,motor_walker,1,26,470,394
198,198,motor_21.jpg,236,220,motor_walker,100,54,232,187
199,199,motor_21.jpg,236,220,motor_walker,4,57,100,170
200,200,motor_17.jpg,800,533,motor_walker,167,23,778,533
201,201,motor_15.jpg,669,900,motor_walker,495,461,635,698
202,202,motor_44.jpg,1600,1168,motor_walker,491,247,1409,1059
203,203,motor_65.jpg,640,467,motor_walker,90,49,547,426
204,204,motor_173.jpg,403,612,motor_walker,20,107,388,609
205,205,bike_929.jpg,400,311,bike_walker,135,43,262,286
206,206,bike_807.jpg,550,825,bike_walker,46,89,454,813
207,207,bike_816.jpg,500,750,bike_walker,11,40,418,750
208,208,bike_812.jpg,600,400,bike_walker,325,16,563,400
209,209,bike_812.jpg,600,400,bike_walker,73,25,332,400
210,210,bike_801.jpg,450,299,bike_walker,166,71,282,227
211,211,bike_803.jpg,500,333,bike_walker,215,45,407,248
212,212,bike_803.jpg,500,333,bike_walker,85,77,192,209
213,213,bike_803.jpg,500,333,bike_walker,14,91,84,206
214,214,bike_813.jpg,1300,956,bike_walker,212,364,452,835
215,215,bike_808.jpg,2048,1363,bike_walker,252,323,1100,1099
216,216,bike_810.jpg,1727,960,bike_walker,270,1,1045,927
217,217,bike_811.jpg,478,295,bike_walker,135,20,365,295
218,218,bike_806.jpg,512,341,bike_walker,151,41,343,341
219,219,bike_815.jpg,199,253,bike_walker,30,52,136,230
220,220,bike_817.jpg,1280,720,bike_walker,218,255,802,720
221,221,bike_814.jpg,600,399,bike_walker,198,75,389,394
222,222,bike_892.jpg,1300,956,bike_walker,762,211,1051,796
223,223,bike_824.jpg,1068,1700,bike_walker,150,361,1068,1595
224,224,bike_821.jpg,630,430,bike_walker,131,16,511,430
225,225,bike_827.jpg,867,1300,bike_walker,105,89,685,1300
226,226,bike_834.jpg,236,247,bike_walker,79,7,225,245
227,227,bike_829.jpg,866,1390,bike_walker,97,84,794,1245
228,228,bike_820.jpg,640,427,bike_walker,109,1,395,384
229,229,bike_832.jpg,860,1104,bike_walker,83,32,764,1084
230,230,bike_825.jpg,266,189,bike_walker,18,10,195,177
231,231,bike_828.jpg,183,275,bike_walker,37,64,145,253
232,232,bike_819.jpg,225,225,bike_walker,44,30,163,216
233,233,bike_831.jpg,193,261,bike_walker,28,9,172,257
234,234,bike_822.jpg,957,1300,bike_walker,113,205,632,1205
235,235,bike_826.jpg,1600,1167,bike_walker,483,86,1344,1076
236,236,bike_788.jpg,600,400,bike_walker,101,155,256,366
237,237,bike_784.jpg,600,400,bike_walker,91,150,244,400
238,238,bike_797.jpg,660,495,bike_walker,83,5,581,495
239,239,bike_798.jpg,600,800,bike_walker,18,76,508,771
240,240,bike_799.jpg,500,667,bike_walker,167,203,381,455
241,241,bike_793.jpg,300,470,bike_walker,30,74,228,444
242,242,bike_791.jpg,768,512,bike_walker,183,30,647,502
243,243,bike_792.jpg,433,650,bike_walker,64,102,297,505
244,244,bike_789.jpg,267,400,bike_walker,157,162,249,344
245,245,bike_785.jpg,266,400,bike_walker,14,64,155,341
246,246,bike_787.jpg,307,400,bike_walker,88,231,183,400
247,247,bike_786.jpg,267,400,bike_walker,19,85,262,369
248,248,bike_790.jpg,801,1200,bike_walker,178,280,611,1111
249,249,bike_763.jpg,267,400,bike_walker,70,123,187,400
250,250,bike_761.jpg,600,400,bike_walker,107,157,314,364
251,251,bike_764.jpg,600,400,bike_walker,370,53,520,386
252,252,bike_752.jpg,599,400,bike_walker,328,111,481,368
253,253,bike_754.jpg,622,400,bike_walker,118,168,326,356
254,254,bike_753.jpg,267,400,bike_walker,27,3,241,400
255,255,bike_756.jpg,600,400,bike_walker,188,107,427,380
256,256,bike_749.jpg,267,400,bike_walker,64,178,151,341
257,257,bike_757.jpg,587,400,bike_walker,281,125,567,391
258,258,bike_747.jpg,600,400,bike_walker,383,83,596,346
259,259,bike_747.jpg,600,400,bike_walker,89,36,344,400
260,260,bike_747.jpg,600,400,bike_walker,26,84,194,336
261,261,bike_759.jpg,1300,957,bike_walker,339,139,842,867
262,262,bike_748.jpg,601,400,bike_walker,192,67,501,316
263,263,bike_755.jpg,267,400,bike_walker,91,189,206,400
264,264,bike_762.jpg,1300,957,bike_walker,457,261,738,819
265,265,bike_857.jpg,1300,877,bike_walker,133,238,739,806
266,266,bike_766.jpg,267,400,bike_walker,83,67,189,276
267,267,bike_774.jpg,866,1390,bike_walker,81,97,619,1203
268,268,bike_775.jpg,267,400,bike_walker,121,233,202,384
269,269,bike_770.jpg,600,400,bike_walker,299,149,423,397
270,270,bike_773.jpg,600,400,bike_walker,26,73,287,367
271,271,bike_771.jpg,267,400,bike_walker,23,137,108,341
272,272,bike_772.jpg,267,400,bike_walker,138,84,267,400
273,273,bike_780.jpg,600,400,bike_walker,1,116,128,352
274,274,bike_778.jpg,267,400,bike_walker,106,157,202,360
275,275,bike_776.jpg,267,400,bike_walker,44,91,167,326
276,276,bike_767.jpg,267,400,bike_walker,53,146,190,383
277,277,bike_769.jpg,600,400,bike_walker,26,76,173,374
278,278,bike_779.jpg,267,400,bike_walker,76,152,183,334
279,279,bike_777.jpg,600,400,bike_walker,394,143,529,355
280,280,bike_667.jpg,1300,956,bike_walker,906,380,1080,693
281,281,bike_665.jpg,1300,956,bike_walker,1,151,540,864
282,282,bike_658.jpg,866,1390,bike_walker,174,73,691,1275
283,283,bike_661.jpg,600,400,bike_walker,112,86,325,400
284,284,bike_664.jpg,267,400,bike_walker,79,82,251,380
285,285,bike_656.jpg,600,400,bike_walker,344,125,446,341
286,286,bike_659.jpg,586,400,bike_walker,207,71,374,391
287,287,bike_659.jpg,586,400,bike_walker,377,56,555,352
288,288,bike_654.jpg,600,400,bike_walker,130,25,331,397
289,289,bike_654.jpg,600,400,bike_walker,303,31,529,378
290,290,bike_666.jpg,265,400,bike_walker,17,52,216,400
291,291,bike_652.jpg,267,400,bike_walker,23,38,225,400
292,292,bike_662.jpg,866,1390,bike_walker,169,159,694,1181
293,293,bike_660.jpg,600,400,bike_walker,188,103,415,338
294,294,bike_650.jpg,267,400,bike_walker,28,93,213,400
295,295,bike_663.jpg,267,400,bike_walker,5,171,211,384
296,296,bike_569.jpg,533,400,bike_walker,120,85,390,359
297,297,bike_561.jpg,599,400,bike_walker,123,132,420,368
298,298,bike_571.jpg,267,400,bike_walker,94,132,195,344
299,299,bike_567.jpg,267,400,bike_walker,112,149,208,388
300,300,bike_568.jpg,599,400,bike_walker,16,99,305,388
301,301,bike_558.jpg,267,400,bike_walker,92,192,233,333
302,302,bike_562.jpg,267,400,bike_walker,32,169,196,343
303,303,bike_565.jpg,1300,956,bike_walker,474,149,781,777
304,304,bike_565.jpg,1300,956,bike_walker,161,210,446,791
305,305,bike_557.jpg,267,400,bike_walker,7,129,246,370
306,306,bike_570.jpg,600,400,bike_walker,231,219,341,331
307,307,bike_559.jpg,268,400,bike_walker,67,89,193,349
308,308,bike_560.jpg,267,400,bike_walker,67,148,162,329
309,309,bike_564.jpg,1300,957,bike_walker,161,82,719,708
310,310,bike_563.jpg,599,400,bike_walker,287,104,452,381
311,311,bike_693.jpg,267,400,bike_walker,52,125,227,393
312,312,bike_689.jpg,600,400,bike_walker,74,1,476,365
313,313,bike_690.jpg,600,400,bike_walker,101,9,412,353
314,314,bike_696.jpg,267,400,bike_walker,10,43,225,400
315,315,bike_705.jpg,267,400,bike_walker,18,112,257,342
316,316,bike_691.jpg,600,400,bike_walker,53,91,348,371
317,317,bike_699.jpg,267,400,bike_walker,50,115,183,336
318,318,bike_701.jpg,866,1390,bike_walker,86,94,652,1226
319,319,bike_688.jpg,267,400,bike_walker,12,43,194,400
320,320,bike_694.jpg,267,400,bike_walker,58,170,158,354
321,321,bike_697.jpg,267,400,bike_walker,86,83,232,347
322,322,bike_692.jpg,267,400,bike_walker,107,101,201,265
323,323,bike_702.jpg,267,400,bike_walker,35,137,174,386
324,324,bike_703.jpg,600,400,bike_walker,249,85,418,343
325,325,bike_714.jpg,866,1390,bike_walker,144,263,684,1262
326,326,bike_722.jpg,600,400,bike_walker,144,64,319,399
327,327,bike_718.jpg,267,400,bike_walker,87,164,195,365
328,328,bike_711.jpg,501,400,bike_walker,135,174,262,325
329,329,bike_724.jpg,600,400,bike_walker,210,8,410,341
330,330,bike_723.jpg,600,400,bike_walker,136,54,377,400
331,331,bike_719.jpg,600,400,bike_walker,484,165,523,246
332,332,bike_713.jpg,267,400,bike_walker,104,224,188,373
333,333,bike_707.jpg,319,400,bike_walker,63,142,224,323
334,334,bike_720.jpg,600,400,bike_walker,243,109,397,364
335,335,bike_712.jpg,601,400,bike_walker,190,44,487,376
336,336,bike_715.jpg,267,400,bike_walker,119,152,238,347
337,337,bike_721.jpg,599,400,bike_walker,270,96,575,389
338,338,bike_739.jpg,1300,957,bike_walker,708,419,897,756
339,339,bike_728.jpg,600,400,bike_walker,102,104,243,400
340,340,bike_726.jpg,599,400,bike_walker,204,73,411,314
341,341,bike_731.jpg,600,400,bike_walker,247,99,463,378
342,342,bike_737.jpg,600,400,bike_walker,134,104,412,395
343,343,bike_732.jpg,267,400,bike_walker,27,79,187,373
344,344,bike_729.jpg,267,400,bike_walker,47,172,188,400
345,345,bike_741.jpg,599,400,bike_walker,132,14,467,381
346,346,bike_734.jpg,600,400,bike_walker,205,16,400,366
347,347,bike_736.jpg,600,400,bike_walker,201,103,469,364
348,348,bike_742.jpg,266,400,bike_walker,67,207,154,362
349,349,bike_735.jpg,600,400,bike_walker,191,52,403,398
350,350,bike_740.jpg,267,400,bike_walker,58,64,207,400
351,351,bike_727.jpg,267,400,bike_walker,52,80,169,312
352,352,bike_682.jpg,267,400,bike_walker,38,29,234,388
353,353,bike_685.jpg,600,400,bike_walker,333,160,469,380
354,354,bike_683.jpg,267,400,bike_walker,12,16,255,339
355,355,bike_679.jpg,599,400,bike_walker,75,65,238,400
356,356,bike_679.jpg,599,400,bike_walker,302,63,460,382
357,357,bike_675.jpg,267,400,bike_walker,112,262,227,376
358,358,bike_675.jpg,267,400,bike_walker,2,257,111,378
359,359,bike_686.jpg,599,400,bike_walker,343,63,543,395
360,360,bike_677.jpg,267,400,bike_walker,51,164,172,400
361,361,bike_684.jpg,1300,956,bike_walker,177,52,617,789
362,362,bike_681.jpg,267,400,bike_walker,61,32,267,400
363,363,bike_673.jpg,267,400,bike_walker,23,176,229,375
364,364,bike_678.jpg,1300,1074,bike_walker,311,59,774,883
365,365,bike_676.jpg,575,400,bike_walker,149,70,339,400
366,366,bike_674.jpg,267,400,bike_walker,20,83,252,377
367,367,bike_670.jpg,600,400,bike_walker,143,31,386,400
368,368,bike_835.jpg,400,400,bike_walker,33,81,250,400
369,369,bike_874.jpg,450,320,bike_walker,38,22,320,289
370,370,bike_501.jpg,650,433,bike_walker,241,116,363,355
371,371,bike_501.jpg,650,433,bike_walker,346,116,471,360
372,372,bike_507.jpg,434,650,bike_walker,30,132,387,541
373,373,bike_514.jpg,650,355,bike_walker,282,12,480,354
374,374,bike_508.jpg,650,433,bike_walker,368,35,591,396
375,375,bike_510.jpg,433,650,bike_walker,152,180,316,463
376,376,bike_498.jpg,650,433,bike_walker,166,142,279,389
377,377,bike_498.jpg,650,433,bike_walker,286,150,426,387
378,378,bike_506.jpg,650,434,bike_walker,196,8,420,426
379,379,bike_515.jpg,433,650,bike_walker,107,246,309,650
380,380,bike_512.jpg,650,433,bike_walker,101,24,357,433
381,381,bike_502.jpg,650,404,bike_walker,307,93,418,283
382,382,bike_502.jpg,650,404,bike_walker,411,82,525,286
383,383,bike_513.jpg,626,409,bike_walker,421,23,571,354
384,384,bike_513.jpg,626,409,bike_walker,259,6,421,347
385,385,bike_500.jpg,650,434,bike_walker,241,143,369,377
386,386,bike_500.jpg,650,434,bike_walker,372,146,501,382
387,387,bike_499.jpg,650,449,bike_walker,267,174,424,449
388,388,bike_511.jpg,626,417,bike_walker,398,44,552,394
389,389,bike_511.jpg,626,417,bike_walker,203,24,395,382
390,390,bike_518.jpg,500,334,bike_walker,88,27,290,331
391,391,bike_538.jpg,600,400,bike_walker,148,66,346,400
392,392,bike_610.jpg,267,400,bike_walker,153,281,225,374
393,393,bike_592.jpg,481,400,bike_walker,116,138,389,397
394,394,bike_572.jpg,267,400,bike_walker,82,119,236,291
395,395,bike_629.jpg,267,400,bike_walker,46,105,239,400
396,396,bike_463.jpg,650,434,bike_walker,152,130,321,401
397,397,bike_463.jpg,650,434,bike_walker,328,137,512,406
398,398,bike_555.jpg,400,400,bike_walker,129,103,253,347
399,399,bike_706.jpg,600,400,bike_walker,314,78,460,286
400,400,bike_743.jpg,267,400,bike_walker,90,165,220,352
401,401,bike_649.jpg,600,400,bike_walker,222,55,434,400
402,402,bike_649.jpg,600,400,bike_walker,63,53,225,342
403,403,bike_687.jpg,267,400,bike_walker,5,15,183,363
404,404,bike_591.jpg,600,400,bike_walker,133,265,220,354
405,405,bike_584.jpg,267,400,bike_walker,61,118,193,276
406,406,bike_587.jpg,601,400,bike_walker,138,188,293,360
407,407,bike_579.jpg,1300,957,bike_walker,717,149,1118,869
408,408,bike_588.jpg,600,400,bike_walker,126,153,268,294
409,409,bike_573.jpg,267,400,bike_walker,12,72,186,382
410,410,bike_582.jpg,500,400,bike_walker,252,117,402,287
411,411,bike_580.jpg,600,400,bike_walker,186,21,379,381
412,412,bike_575.jpg,267,400,bike_walker,46,19,212,225
413,413,bike_586.jpg,267,400,bike_walker,102,245,175,335
414,414,bike_578.jpg,600,400,bike_walker,333,115,493,293
415,415,bike_590.jpg,267,400,bike_walker,46,18,251,400
416,416,bike_576.jpg,267,400,bike_walker,97,173,199,345
417,417,bike_574.jpg,267,400,bike_walker,50,120,168,389
418,418,bike_765.jpg,267,400,bike_walker,24,146,173,395
419,419,bike_625.jpg,267,400,bike_walker,109,270,173,370
420,420,bike_626.jpg,866,1390,bike_walker,544,791,780,1238
421,421,bike_626.jpg,866,1390,bike_walker,205,687,491,1247
422,422,bike_627.jpg,267,400,bike_walker,1,144,72,285
423,423,bike_627.jpg,267,400,bike_walker,40,150,115,303
424,424,bike_627.jpg,267,400,bike_walker,113,137,201,320
425,425,bike_624.jpg,599,400,bike_walker,363,38,581,391
426,426,bike_621.jpg,267,400,bike_walker,76,171,180,371
427,427,bike_623.jpg,267,400,bike_walker,102,238,190,400
428,428,bike_617.jpg,600,400,bike_walker,132,91,402,400
429,429,bike_615.jpg,577,400,bike_walker,223,1,577,399
430,430,bike_614.jpg,267,400,bike_walker,59,122,192,377
431,431,bike_613.jpg,267,400,bike_walker,62,58,236,383
432,432,bike_611.jpg,599,400,bike_walker,43,1,463,399
433,433,bike_616.jpg,600,400,bike_walker,154,164,269,358
434,434,bike_622.jpg,267,400,bike_walker,11,46,194,395
435,435,bike_628.jpg,600,400,bike_walker,161,143,432,394
436,436,bike_725.jpg,267,400,bike_walker,70,119,223,388
437,437,bike_710.jpg,599,400,bike_walker,275,53,455,400
438,438,bike_668.jpg,600,400,bike_walker,232,110,337,333
439,439,bike_668.jpg,600,400,bike_walker,329,89,451,367
440,440,bike_800.jpg,768,528,bike_walker,179,76,768,528
441,441,bike_781.jpg,267,400,bike_walker,25,114,157,350
442,442,bike_823.jpg,867,1300,bike_walker,77,145,783,1208
443,443,bike_818.jpg,600,450,bike_walker,132,66,342,433
444,444,bike_805.jpg,866,1390,bike_walker,65,6,728,1298
445,445,bike_782.jpg,600,400,bike_walker,224,80,376,354
446,446,bike_531.jpg,267,400,bike_walker,46,54,246,388
447,447,bike_534.jpg,599,400,bike_walker,304,56,493,395
448,448,bike_529.jpg,600,400,bike_walker,44,17,394,395
449,449,bike_533.jpg,267,400,bike_walker,49,121,210,395
450,450,bike_523.jpg,590,332,bike_walker,229,14,493,328
451,451,bike_535.jpg,600,400,bike_walker,430,133,506,273
452,452,bike_521.jpg,626,938,bike_walker,60,312,479,928
453,453,bike_524.jpg,1200,800,bike_walker,221,333,604,702
454,454,bike_520.jpg,626,939,bike_walker,101,90,518,939
455,455,bike_517.jpg,1300,958,bike_walker,281,182,742,836
456,456,bike_532.jpg,320,400,bike_walker,57,32,265,395
457,457,bike_536.jpg,267,400,bike_walker,172,134,267,335
458,458,bike_536.jpg,267,400,bike_walker,96,141,170,323
459,459,bike_536.jpg,267,400,bike_walker,14,137,96,330
460,460,bike_526.jpg,600,400,bike_walker,184,107,413,331
461,461,bike_608.jpg,600,400,bike_walker,80,88,390,400
462,462,bike_604.jpg,251,400,bike_walker,41,54,177,365
463,463,bike_603.jpg,267,400,bike_walker,85,182,267,400
464,464,bike_596.jpg,612,400,bike_walker,63,102,361,390
465,465,bike_600.jpg,267,400,bike_walker,57,127,203,373
466,466,bike_597.jpg,267,400,bike_walker,59,121,182,364
467,467,bike_602.jpg,267,400,bike_walker,19,173,227,388
468,468,bike_593.jpg,267,400,bike_walker,73,170,203,392
469,469,bike_606.jpg,267,400,bike_walker,1,48,218,400
470,470,bike_609.jpg,600,400,bike_walker,221,30,353,225
471,471,bike_598.jpg,615,400,bike_walker,220,64,379,386
472,472,bike_595.jpg,600,400,bike_walker,62,46,360,360
473,473,bike_594.jpg,599,400,bike_walker,321,154,474,327
474,474,bike_601.jpg,599,400,bike_walker,130,105,306,278
475,475,bike_554.jpg,599,400,bike_walker,126,129,282,400
476,476,bike_545.jpg,600,400,bike_walker,253,169,336,309
477,477,bike_552.jpg,599,400,bike_walker,179,68,484,400
478,478,bike_551.jpg,267,400,bike_walker,32,111,175,394
479,479,bike_550.jpg,600,400,bike_walker,253,133,337,289
480,480,bike_541.jpg,1300,956,bike_walker,161,99,911,863
481,481,bike_548.jpg,267,400,bike_walker,69,186,140,312
482,482,bike_547.jpg,600,400,bike_walker,244,95,429,400
483,483,bike_547.jpg,600,400,bike_walker,51,55,242,400
484,484,bike_546.jpg,610,400,bike_walker,278,73,469,385
485,485,bike_542.jpg,600,400,bike_walker,51,57,304,400
486,486,bike_540.jpg,500,334,bike_walker,126,4,306,334
487,487,bike_539.jpg,500,382,bike_walker,71,18,284,382
488,488,bike_553.jpg,1300,957,bike_walker,134,161,793,869
489,489,bike_543.jpg,600,400,bike_walker,200,90,420,314
490,490,bike_635.jpg,267,400,bike_walker,25,253,136,385
491,491,bike_636.jpg,267,400,bike_walker,70,183,161,336
492,492,bike_638.jpg,600,400,bike_walker,185,104,293,302
493,493,bike_646.jpg,267,400,bike_walker,87,131,209,377
494,494,bike_645.jpg,267,400,bike_walker,22,121,160,396
495,495,bike_648.jpg,267,400,bike_walker,70,102,164,280
496,496,bike_639.jpg,600,400,bike_walker,182,91,420,365
497,497,bike_630.jpg,267,400,bike_walker,4,102,173,400
498,498,bike_640.jpg,600,400,bike_walker,138,34,420,370
499,499,bike_632.jpg,267,400,bike_walker,5,80,198,400
500,500,bike_634.jpg,866,1390,bike_walker,165,635,441,1200
501,501,bike_634.jpg,866,1390,bike_walker,469,795,689,1203
502,502,bike_644.jpg,267,400,bike_walker,130,234,195,364
503,503,bike_644.jpg,267,400,bike_walker,52,237,126,363
504,504,bike_631.jpg,267,400,bike_walker,62,166,258,374
505,505,bike_637.jpg,866,1390,bike_walker,431,700,650,1038
506,506,bike_637.jpg,866,1390,bike_walker,189,600,418,1051
507,507,bike_487.jpg,434,650,bike_walker,146,247,357,577
508,508,bike_493.jpg,650,434,bike_walker,117,132,222,319
509,509,bike_494.jpg,650,433,bike_walker,142,70,366,433
510,510,bike_480.jpg,433,650,bike_walker,12,155,433,616
511,511,bike_490.jpg,650,433,bike_walker,226,28,598,433
512,512,bike_489.jpg,650,433,bike_walker,180,31,575,433
513,513,bike_485.jpg,650,432,bike_walker,34,72,196,432
514,514,bike_485.jpg,650,432,bike_walker,202,59,427,392
515,515,bike_491.jpg,650,433,bike_walker,244,66,431,400
516,516,bike_482.jpg,650,433,bike_walker,129,40,546,429
517,517,bike_495.jpg,500,334,bike_walker,75,7,410,322
518,518,bike_486.jpg,334,500,bike_walker,42,35,297,474
519,519,bike_492.jpg,650,433,bike_walker,349,119,532,379
520,520,bike_488.jpg,650,433,bike_walker,285,131,546,382
521,521,bike_483.jpg,626,939,bike_walker,243,181,588,930
522,522,bike_389.jpg,433,650,bike_walker,118,193,292,571
523,523,bike_390.jpg,650,433,bike_walker,231,74,418,433
524,524,bike_391.jpg,650,434,bike_walker,271,107,419,421
525,525,bike_392.jpg,650,355,bike_walker,291,11,472,349
526,526,bike_454.jpg,650,433,bike_walker,162,117,381,409
527,527,bike_454.jpg,650,433,bike_walker,374,102,556,411
528,528,bike_446.jpg,626,417,bike_walker,219,155,448,357
529,529,bike_455.jpg,650,433,bike_walker,217,100,372,364
530,530,bike_442.jpg,650,433,bike_walker,155,2,349,419
531,531,bike_443.jpg,650,433,bike_walker,139,46,408,433
532,532,bike_445.jpg,650,434,bike_walker,67,168,242,404
533,533,bike_457.jpg,626,937,bike_walker,209,374,414,799
534,534,bike_448.jpg,650,434,bike_walker,280,154,412,418
535,535,bike_450.jpg,650,434,bike_walker,219,31,426,422
536,536,bike_452.jpg,650,355,bike_walker,293,10,484,353
537,537,bike_439.jpg,626,416,bike_walker,330,189,549,410
538,538,bike_449.jpg,626,417,bike_walker,290,61,471,409
539,539,bike_440.jpg,650,434,bike_walker,159,91,386,434
540,540,bike_451.jpg,650,433,bike_walker,300,60,546,404
541,541,bike_464.jpg,650,434,bike_walker,212,87,378,366
542,542,bike_464.jpg,650,434,bike_walker,369,101,517,368
543,543,bike_471.jpg,650,433,bike_walker,161,94,348,410
544,544,bike_466.jpg,434,650,bike_walker,21,169,361,650
545,545,bike_474.jpg,500,334,bike_walker,246,130,321,249
546,546,bike_468.jpg,650,434,bike_walker,159,94,372,418
547,547,bike_468.jpg,650,434,bike_walker,301,131,494,405
548,548,bike_467.jpg,434,650,bike_walker,98,169,349,588
549,549,bike_478.jpg,650,433,bike_walker,291,189,406,433
550,550,bike_469.jpg,626,451,bike_walker,309,143,463,435
551,551,bike_469.jpg,626,451,bike_walker,85,41,295,435
552,552,bike_473.jpg,650,433,bike_walker,284,105,514,433
553,553,bike_473.jpg,650,433,bike_walker,29,77,287,433
554,554,bike_462.jpg,650,434,bike_walker,178,141,327,389
555,555,bike_462.jpg,650,434,bike_walker,331,137,486,419
556,556,bike_472.jpg,499,333,bike_walker,203,83,339,326
557,557,bike_475.jpg,626,417,bike_walker,350,53,529,397
558,558,bike_459.jpg,434,650,bike_walker,46,162,344,606
559,559,bike_432.jpg,626,417,bike_walker,268,100,413,410
560,560,bike_436.jpg,434,650,bike_walker,61,209,346,558
561,561,bike_435.jpg,650,434,bike_walker,324,177,590,434
562,562,bike_437.jpg,434,650,bike_walker,42,140,374,616
563,563,bike_430.jpg,626,417,bike_walker,82,116,323,397
564,564,bike_426.jpg,650,433,bike_walker,369,40,594,400
565,565,bike_431.jpg,434,650,bike_walker,95,238,258,523
566,566,bike_431.jpg,434,650,bike_walker,250,262,409,539
567,567,bike_421.jpg,650,434,bike_walker,491,149,650,409
568,568,bike_423.jpg,626,939,bike_walker,179,359,435,841
569,569,bike_429.jpg,626,417,bike_walker,226,68,554,403
570,570,bike_428.jpg,650,433,bike_walker,161,91,354,424
571,571,bike_428.jpg,650,433,bike_walker,316,83,482,432
572,572,bike_422.jpg,650,433,bike_walker,181,161,461,433
573,573,bike_433.jpg,650,433,bike_walker,330,179,428,357
574,574,bike_433.jpg,650,433,bike_walker,432,167,515,361
575,575,bike_425.jpg,626,938,bike_walker,95,230,417,911
576,576,bike_376.jpg,1023,682,bike_walker,452,162,697,648
577,577,bike_371.jpg,1600,1167,bike_walker,219,58,983,1047
578,578,bike_377.jpg,1600,1167,bike_walker,649,106,1577,1021
579,579,bike_379.jpg,1600,1136,bike_walker,691,128,1521,1034
580,580,bike_375.jpg,1023,682,bike_walker,479,132,862,618
581,581,bike_369.jpg,1600,1167,bike_walker,176,122,1065,1010
582,582,bike_373.jpg,1067,1700,bike_walker,28,540,1023,1535
583,583,bike_374.jpg,1023,682,bike_walker,492,148,826,598
584,584,bike_367.jpg,1600,1167,bike_walker,304,460,545,905
585,585,bike_367.jpg,1600,1167,bike_walker,562,457,815,936
586,586,bike_367.jpg,1600,1167,bike_walker,847,259,1207,922
587,587,bike_367.jpg,1600,1167,bike_walker,1247,253,1561,944
588,588,bike_380.jpg,1600,1179,bike_walker,506,13,1261,1066
589,589,bike_365.jpg,626,417,bike_walker,254,93,491,408
590,590,bike_370.jpg,1067,1700,bike_walker,214,456,962,1549
591,591,bike_378.jpg,1600,1177,bike_walker,404,72,1062,1060
592,592,bike_368.jpg,1600,1167,bike_walker,59,104,965,1028
593,593,bike_496.jpg,626,417,bike_walker,368,1,572,411
594,594,bike_496.jpg,626,417,bike_walker,175,39,368,417
595,595,bike_333.jpg,1600,1167,bike_walker,247,65,826,1001
596,596,bike_335.jpg,1067,1700,bike_walker,1,70,1044,1610
597,597,bike_516.jpg,626,417,bike_walker,11,108,161,412
598,598,bike_411.jpg,626,417,bike_walker,252,59,539,395
599,599,bike_405.jpg,650,434,bike_walker,286,103,485,434
600,600,bike_416.jpg,650,434,bike_walker,214,113,388,381
601,601,bike_406.jpg,650,434,bike_walker,255,147,505,434
602,602,bike_417.jpg,650,433,bike_walker,89,89,267,386
603,603,bike_415.jpg,433,650,bike_walker,81,116,269,506
604,604,bike_413.jpg,433,650,bike_walker,81,114,264,510
605,605,bike_413.jpg,433,650,bike_walker,261,95,417,520
606,606,bike_403.jpg,650,434,bike_walker,27,182,168,388
607,607,bike_401.jpg,434,650,bike_walker,105,175,360,588
608,608,bike_414.jpg,626,626,bike_walker,37,221,235,616
609,609,bike_409.jpg,626,417,bike_walker,237,22,397,389
610,610,bike_408.jpg,650,434,bike_walker,211,120,464,404
611,611,bike_407.jpg,434,650,bike_walker,43,188,420,585
612,612,bike_410.jpg,650,434,bike_walker,223,88,408,434
613,613,bike_356.jpg,1600,1167,bike_walker,684,16,1281,1075
614,614,bike_355.jpg,1600,1167,bike_walker,651,2,1460,1073
615,615,bike_350.jpg,688,1023,bike_walker,3,153,596,1009
616,616,bike_359.jpg,682,1023,bike_walker,68,121,548,942
617,617,bike_347.jpg,1054,1700,bike_walker,150,363,721,1510
618,618,bike_358.jpg,682,1023,bike_walker,60,37,559,1023
619,619,bike_357.jpg,682,1023,bike_walker,50,33,481,946
620,620,bike_352.jpg,600,420,bike_walker,28,58,186,371
621,621,bike_360.jpg,1600,1167,bike_walker,420,112,999,996
622,622,bike_362.jpg,1600,1167,bike_walker,540,80,1559,1051
623,623,bike_354.jpg,682,1023,bike_walker,124,123,538,1023
624,624,bike_364.jpg,1024,776,bike_walker,80,22,783,759
625,625,bike_349.jpg,678,1023,bike_walker,30,319,650,991
626,626,bike_351.jpg,600,420,bike_walker,406,85,559,382
627,627,bike_396.jpg,433,650,bike_walker,26,50,355,650
628,628,bike_399.jpg,650,434,bike_walker,214,145,421,388
629,629,bike_393.jpg,650,433,bike_walker,299,173,382,341
630,630,bike_393.jpg,650,433,bike_walker,356,173,446,346
631,631,bike_387.jpg,417,626,bike_walker,31,40,394,610
632,632,bike_388.jpg,626,417,bike_walker,196,45,383,393
633,633,bike_382.jpg,1600,1167,bike_walker,347,175,973,1074
634,634,bike_385.jpg,626,416,bike_walker,257,58,421,357
635,635,bike_384.jpg,650,433,bike_walker,208,76,393,357
636,636,bike_394.jpg,433,650,bike_walker,68,209,252,585
637,637,bike_383.jpg,1600,1167,bike_walker,439,194,1123,955
638,638,bike_366.jpg,1068,1700,bike_walker,32,442,976,1565
639,639,bike_323.jpg,600,420,bike_walker,230,419,465,420
640,640,bike_323.jpg,600,420,bike_walker,68,89,361,380
641,641,bike_381.jpg,1600,1167,bike_walker,329,23,888,1042
642,642,bike_346.jpg,1067,1700,bike_walker,107,276,757,1310
643,643,bike_420.jpg,650,443,bike_walker,256,127,353,312
644,644,bike_420.jpg,650,443,bike_walker,363,139,453,314
645,645,bike_400.jpg,650,433,bike_walker,281,101,567,424
646,646,bike_458.jpg,626,417,bike_walker,153,78,365,395
647,647,bike_479.jpg,434,650,bike_walker,175,214,434,620
648,648,bike_438.jpg,626,417,bike_walker,167,121,286,377
649,649,bike_328.jpg,1024,768,bike_walker,170,243,604,693
650,650,bike_327.jpg,600,420,bike_walker,146,388,507,420
651,651,bike_327.jpg,600,420,bike_walker,74,36,419,359
652,652,bike_330.jpg,768,1024,bike_walker,288,448,510,893
653,653,bike_339.jpg,1600,1300,bike_walker,419,239,1040,1192
654,654,bike_329.jpg,1024,768,bike_walker,379,277,587,604
655,655,bike_343.jpg,682,1023,bike_walker,38,74,636,1003
656,656,bike_338.jpg,1200,1700,bike_walker,148,370,1135,1508
657,657,bike_331.jpg,1024,768,bike_walker,328,205,711,594
658,658,bike_341.jpg,682,1023,bike_walker,1,180,602,984
659,659,bike_326.jpg,400,620,bike_walker,55,54,316,595
660,660,bike_332.jpg,1023,682,bike_walker,435,156,617,471
661,661,bike_324.jpg,768,1024,bike_walker,128,315,567,825
662,662,bike_10.jpg,640,426,bike_walker,65,62,239,402
663,663,bike_4.jpg,1023,682,bike_walker,184,73,768,653
664,664,bike_45.jpg,1600,1167,bike_walker,530,54,1330,1033
665,665,bike_54.jpg,693,1024,bike_walker,101,76,553,961
666,666,bike_48.jpg,1600,1168,bike_walker,173,1,693,890
667,667,bike_52.jpg,1068,1700,bike_walker,332,328,1068,1578
668,668,bike_51.jpg,1600,1168,bike_walker,830,21,1600,801
669,669,bike_56.jpg,1600,1168,bike_walker,856,351,1156,959
670,670,bike_57.jpg,1600,1168,bike_walker,776,96,1171,969
671,671,bike_61.jpg,1600,1167,bike_walker,486,204,1273,1015
672,672,bike_43.jpg,1023,682,bike_walker,266,199,745,667
673,673,bike_47.jpg,1600,1168,bike_walker,738,1,1381,1068
674,674,bike_42.jpg,682,1023,bike_walker,110,248,472,880
675,675,bike_46.jpg,1600,1167,bike_walker,255,94,1089,1021
676,676,bike_59.jpg,1600,1224,bike_walker,582,241,1068,1114
677,677,bike_58.jpg,1068,1700,bike_walker,378,528,878,1563
678,678,bike_183.jpg,1600,1167,bike_walker,351,153,1093,1009
679,679,bike_186.jpg,1023,681,bike_walker,399,78,677,616
680,680,bike_186.jpg,1023,681,bike_walker,685,18,987,637
681,681,bike_188.jpg,1068,1700,bike_walker,89,335,719,1608
682,682,bike_194.jpg,1600,1140,bike_walker,574,153,1192,1037
683,683,bike_195.jpg,1600,1166,bike_walker,104,122,1005,1053
684,684,bike_181.jpg,1600,1167,bike_walker,603,153,1259,788
685,685,bike_192.jpg,1600,1169,bike_walker,657,258,1299,1036
686,686,bike_182.jpg,1600,1168,bike_walker,430,144,1197,1002
687,687,bike_191.jpg,1068,1700,bike_walker,360,417,942,1578
688,688,bike_193.jpg,1600,1038,bike_walker,714,232,1221,941
689,689,bike_190.jpg,1023,682,bike_walker,342,151,694,621
690,690,bike_185.jpg,1067,1700,bike_walker,14,147,887,1567
691,691,bike_184.jpg,1024,701,bike_walker,366,17,797,677
692,692,bike_189.jpg,1600,1167,bike_walker,613,112,1417,936
693,693,bike_241.jpg,1600,1168,bike_walker,268,327,899,941
694,694,bike_237.jpg,1600,1167,bike_walker,461,25,1018,1057
695,695,bike_239.jpg,1023,683,bike_walker,202,213,436,569
696,696,bike_243.jpg,1600,1167,bike_walker,263,269,808,1011
697,697,bike_249.jpg,1023,682,bike_walker,238,74,564,682
698,698,bike_255.jpg,1067,1700,bike_walker,162,186,1067,1445
699,699,bike_254.jpg,1068,1700,bike_walker,153,126,705,1542
700,700,bike_245.jpg,1600,1167,bike_walker,341,58,966,753
701,701,bike_242.jpg,1600,1167,bike_walker,524,133,1210,1060
702,702,bike_236.jpg,1600,1167,bike_walker,535,285,1197,1035
703,703,bike_246.jpg,1600,1167,bike_walker,270,111,928,1057
704,704,bike_244.jpg,1600,1167,bike_walker,160,235,1082,1070
705,705,bike_240.jpg,1600,1167,bike_walker,445,73,1059,984
706,706,bike_253.jpg,1068,1700,bike_walker,282,356,826,1579
707,707,bike_152.jpg,1600,1167,bike_walker,254,33,1284,1025
708,708,bike_155.jpg,1600,1167,bike_walker,180,110,1063,1015
709,709,bike_144.jpg,1600,1167,bike_walker,650,89,1499,1030
710,710,bike_151.jpg,1600,1167,bike_walker,515,16,1066,1044
711,711,bike_143.jpg,1600,1167,bike_walker,141,233,918,991
712,712,bike_142.jpg,1023,682,bike_walker,296,222,666,672
713,713,bike_157.jpg,682,1023,bike_walker,188,227,554,961
714,714,bike_149.jpg,1600,1167,bike_walker,878,323,1273,1044
715,715,bike_162.jpg,1068,1700,bike_walker,21,554,1067,1570
716,716,bike_147.jpg,1600,1167,bike_walker,950,278,1388,1025
717,717,bike_153.jpg,1068,1700,bike_walker,223,165,905,1533
718,718,bike_159.jpg,682,1023,bike_walker,146,288,474,1000
719,719,bike_146.jpg,1067,1700,bike_walker,250,328,923,1611
720,720,bike_154.jpg,779,1023,bike_walker,280,242,706,1007
721,721,bike_128.jpg,1600,1167,bike_walker,633,73,1005,833
722,722,bike_128.jpg,1600,1167,bike_walker,1008,90,1298,835
723,723,bike_135.jpg,1600,1167,bike_walker,466,1,1214,936
724,724,bike_129.jpg,1600,1167,bike_walker,214,185,1124,1069
725,725,bike_132.jpg,1023,682,bike_walker,607,42,895,646
726,726,bike_127.jpg,1600,1167,bike_walker,1,237,877,1069
727,727,bike_127.jpg,1600,1167,bike_walker,445,269,1150,1068
728,728,bike_133.jpg,1024,683,bike_walker,428,107,935,669
729,729,bike_121.jpg,1600,1168,bike_walker,755,263,1184,1046
730,730,bike_138.jpg,1023,682,bike_walker,494,132,904,650
731,731,bike_123.jpg,1023,662,bike_walker,45,275,439,662
732,732,bike_134.jpg,1023,683,bike_walker,387,25,704,678
733,733,bike_125.jpg,1600,1167,bike_walker,1082,407,1523,1063
734,734,bike_124.jpg,682,1023,bike_walker,229,381,556,955
735,735,bike_137.jpg,1023,681,bike_walker,264,25,796,644
736,736,bike_122.jpg,1023,682,bike_walker,334,151,633,671
737,737,bike_168.jpg,1600,1168,bike_walker,835,54,1302,1020
738,738,bike_176.jpg,1023,683,bike_walker,169,60,470,679
739,739,bike_165.jpg,1600,1167,bike_walker,750,274,1333,986
740,740,bike_164.jpg,1600,1167,bike_walker,333,112,939,1057
741,741,bike_169.jpg,1600,1168,bike_walker,65,65,808,1014
742,742,bike_179.jpg,1023,681,bike_walker,415,193,593,567
743,743,bike_167.jpg,1067,1700,bike_walker,167,429,730,1586
744,744,bike_171.jpg,1600,1167,bike_walker,814,186,1241,983
745,745,bike_174.jpg,1065,1700,bike_walker,193,615,788,1486
746,746,bike_173.jpg,1600,1167,bike_walker,687,252,1098,1037
747,747,bike_177.jpg,1600,1167,bike_walker,476,164,978,963
748,748,bike_166.jpg,1600,1167,bike_walker,730,227,1213,1078
749,749,bike_175.jpg,1023,683,bike_walker,204,184,418,594
750,750,bike_172.jpg,1600,1165,bike_walker,745,115,1372,845
751,751,bike_223.jpg,1067,1700,bike_walker,37,367,655,1460
752,752,bike_225.jpg,1600,1167,bike_walker,488,202,1241,975
753,753,bike_218.jpg,1600,1167,bike_walker,446,236,1136,1030
754,754,bike_229.jpg,1600,1167,bike_walker,259,90,1391,1072
755,755,bike_228.jpg,1068,1700,bike_walker,189,354,1064,1560
756,756,bike_231.jpg,1600,1167,bike_walker,342,114,1100,1073
757,757,bike_232.jpg,1600,1167,bike_walker,509,88,1149,959
758,758,bike_216.jpg,1600,1167,bike_walker,347,75,988,1067
759,759,bike_230.jpg,1600,1097,bike_walker,640,249,999,909
760,760,bike_222.jpg,1600,1167,bike_walker,165,226,1098,1069
761,761,bike_221.jpg,1600,1167,bike_walker,434,57,1047,981
762,762,bike_217.jpg,1067,1700,bike_walker,173,429,705,1353
763,763,bike_214.jpg,1600,1167,bike_walker,492,170,1207,1051
764,764,bike_234.jpg,1600,1167,bike_walker,735,275,1530,1022
765,765,bike_200.jpg,1600,1167,bike_walker,476,295,1000,993
766,766,bike_205.jpg,638,1024,bike_walker,68,311,626,977
767,767,bike_202.jpg,1067,1700,bike_walker,228,583,708,1279
768,768,bike_207.jpg,1067,1700,bike_walker,408,878,830,1254
769,769,bike_199.jpg,1600,1068,bike_walker,466,256,872,971
770,770,bike_204.jpg,1067,1700,bike_walker,307,597,762,1311
771,771,bike_198.jpg,1013,1023,bike_walker,336,421,817,964
772,772,bike_206.jpg,1023,727,bike_walker,533,243,913,725
773,773,bike_211.jpg,1067,1700,bike_walker,210,419,782,1422
774,774,bike_197.jpg,1600,1167,bike_walker,500,258,997,1020
775,775,bike_208.jpg,1600,1300,bike_walker,362,104,1284,1133
776,776,bike_212.jpg,1600,1167,bike_walker,736,69,1356,1070
777,777,bike_210.jpg,1600,1167,bike_walker,626,39,1359,1053
778,778,bike_201.jpg,1600,1167,bike_walker,518,230,1013,826
779,779,bike_257.jpg,700,1023,bike_walker,199,212,568,999
780,780,bike_266.jpg,682,1023,bike_walker,60,196,656,979
781,781,bike_259.jpg,682,1023,bike_walker,64,130,544,1023
782,782,bike_260.jpg,682,1023,bike_walker,324,674,586,1004
783,783,bike_258.jpg,1023,682,bike_walker,94,94,750,679
784,784,bike_270.jpg,1600,1167,bike_walker,524,354,1261,1060
785,785,bike_267.jpg,700,1023,bike_walker,188,207,587,994
786,786,bike_262.jpg,1023,682,bike_walker,378,207,612,640
787,787,bike_269.jpg,1067,1700,bike_walker,23,381,1003,1576
788,788,bike_264.jpg,682,1023,bike_walker,208,196,545,1011
789,789,bike_268.jpg,1067,1700,bike_walker,1,324,1067,1592
790,790,bike_271.jpg,1067,1700,bike_walker,23,231,1016,1492
791,791,bike_265.jpg,680,1023,bike_walker,29,302,552,994
792,792,bike_261.jpg,1023,682,bike_walker,174,135,413,617
793,793,bike_285.jpg,1067,1700,bike_walker,83,454,866,1579
794,794,bike_290.jpg,1600,1167,bike_walker,412,117,952,1006
795,795,bike_280.jpg,682,1023,bike_walker,44,185,458,967
796,796,bike_273.jpg,1067,1700,bike_walker,78,90,801,1595
797,797,bike_278.jpg,682,1023,bike_walker,93,82,578,991
798,798,bike_291.jpg,1068,1700,bike_walker,66,417,816,1315
799,799,bike_284.jpg,678,1023,bike_walker,19,314,652,982
800,800,bike_276.jpg,1067,1700,bike_walker,12,303,800,1515
801,801,bike_283.jpg,682,1023,bike_walker,79,124,532,1023
802,802,bike_275.jpg,1067,1700,bike_walker,1,379,832,1604
803,803,bike_274.jpg,682,1023,bike_walker,104,387,623,982
804,804,bike_282.jpg,682,1023,bike_walker,67,196,648,969
805,805,bike_289.jpg,682,1023,bike_walker,28,57,682,1023
806,806,bike_287.jpg,682,1023,bike_walker,57,187,642,979
807,807,bike_23.jpg,800,1067,bike_walker,173,234,792,1067
808,808,bike_299.jpg,1023,682,bike_walker,448,141,944,682
809,809,bike_308.jpg,1023,731,bike_walker,262,53,846,722
810,810,bike_309.jpg,1600,1167,bike_walker,209,118,1207,1044
811,811,bike_305.jpg,1023,739,bike_walker,167,62,858,695
812,812,bike_303.jpg,680,1024,bike_walker,131,166,442,864
813,813,bike_294.jpg,683,1023,bike_walker,153,219,531,948
814,814,bike_296.jpg,682,1023,bike_walker,42,57,628,971
815,815,bike_301.jpg,1024,1024,bike_walker,200,95,736,979
816,816,bike_310.jpg,1024,841,bike_walker,215,73,702,787
817,817,bike_306.jpg,683,1023,bike_walker,81,232,605,908
818,818,bike_293.jpg,683,1023,bike_walker,146,123,565,923
819,819,bike_298.jpg,1068,1700,bike_walker,128,210,821,1581
820,820,bike_300.jpg,682,1023,bike_walker,116,166,602,984
821,821,bike_98.jpg,1023,681,bike_walker,333,169,580,647
822,822,bike_120.jpg,1068,1700,bike_walker,89,376,766,1585
823,823,bike_82.jpg,1600,1168,bike_walker,312,141,821,999
824,824,bike_41.jpg,1067,1700,bike_walker,253,336,826,1517
825,825,bike_62.jpg,1068,1700,bike_walker,201,329,1000,1506
826,826,motor_257.jpg,1024,681,motor_walker,692,201,792,350
827,827,motor_257.jpg,1024,681,motor_walker,32,116,700,673
828,828,motor_201.jpg,600,421,motor_walker,233,26,484,387
829,829,motor_217.jpg,800,533,motor_walker,304,18,589,506
830,830,motor_217.jpg,800,533,motor_walker,54,64,302,458
831,831,motor_205.jpg,678,452,motor_walker,402,177,609,452
832,832,motor_197.jpg,299,470,motor_walker,111,155,279,351
833,833,motor_208.jpg,1280,853,motor_walker,377,20,988,853
834,834,motor_202.jpg,960,640,motor_walker,242,322,714,640
835,835,motor_248.jpg,867,1390,motor_walker,205,307,839,1243
836,836,motor_237.jpg,863,1390,motor_walker,79,45,772,1176
837,837,motor_242.jpg,433,650,motor_walker,57,60,433,646
838,838,motor_254.jpg,990,627,motor_walker,265,59,568,571
839,839,motor_240.jpg,1300,963,motor_walker,252,211,720,837
840,840,motor_228.jpg,512,342,motor_walker,153,65,304,270
841,841,motor_251.jpg,1280,720,motor_walker,444,89,799,626
842,842,motor_339.jpg,700,465,motor_walker,197,88,506,465
843,843,motor_331.jpg,640,445,motor_walker,124,4,418,445
844,844,motor_341.jpg,448,336,motor_walker,178,82,268,230
845,845,motor_320.jpg,528,704,motor_walker,104,75,350,510
846,846,motor_316.jpg,236,354,motor_walker,45,46,205,345
847,847,motor_314.jpg,462,768,motor_walker,6,7,462,768
848,848,motor_311.jpg,480,640,motor_walker,70,54,407,640
849,849,motor_327.jpg,700,393,motor_walker,314,97,495,393
850,850,motor_306.jpg,660,440,motor_walker,90,48,362,440
851,851,motor_329.jpg,300,200,motor_walker,58,21,178,197
852,852,motor_324.jpg,360,240,motor_walker,109,18,277,240
853,853,motor_336.jpg,750,500,motor_walker,300,62,749,500
854,854,motor_309.jpg,640,467,motor_walker,156,77,374,414
855,855,motor_309.jpg,640,467,motor_walker,258,66,491,414
856,856,motor_318.jpg,476,238,motor_walker,143,2,377,238
857,857,motor_263.jpg,1300,956,motor_walker,333,153,1044,804
858,858,motor_279.jpg,634,581,motor_walker,113,41,620,562
859,859,motor_274.jpg,680,402,motor_walker,201,13,514,402
860,860,motor_285.jpg,700,366,motor_walker,300,104,460,350
861,861,motor_293.jpg,800,527,motor_walker,355,140,523,424
862,862,motor_272.jpg,1300,956,motor_walker,332,114,822,792
863,863,motor_270.jpg,578,459,motor_walker,71,1,452,434
864,864,motor_291.jpg,2000,3000,motor_walker,487,1259,1606,2610
865,865,motor_268.jpg,1800,1201,motor_walker,588,250,1425,1086
866,866,motor_278.jpg,922,1390,motor_walker,221,393,752,1245
867,867,motor_296.jpg,500,360,motor_walker,167,18,460,360
868,868,motor_289.jpg,2000,1333,motor_walker,1311,347,1780,1277
869,869,motor_289.jpg,2000,1333,motor_walker,1830,503,2000,775
870,870,motor_289.jpg,2000,1333,motor_walker,1018,372,1335,1118
871,871,motor_289.jpg,2000,1333,motor_walker,709,413,1066,1043
872,872,motor_289.jpg,2000,1333,motor_walker,318,358,759,1110
873,873,motor_289.jpg,2000,1333,motor_walker,1,447,442,1226
874,874,motor_287.jpg,640,427,motor_walker,168,12,386,416
875,875,motor_287.jpg,640,427,motor_walker,387,38,580,363
876,876,motor_287.jpg,640,427,motor_walker,61,41,158,201
877,877,motor_287.jpg,640,427,motor_walker,1,29,79,205
878,878,motor_280.jpg,450,299,motor_walker,7,32,154,274
879,879,bike_196.jpg,1067,1700,bike_walker,334,194,996,1556
880,880,motor_147.jpg,435,612,motor_walker,95,43,339,430
881,881,motor_179.jpg,612,412,motor_walker,372,250,424,311
882,882,motor_164.jpg,612,408,motor_walker,259,155,350,279
883,883,motor_154.jpg,612,408,motor_walker,125,145,317,392
884,884,bike_318.jpg,682,1023,bike_walker,24,40,545,1023
885,885,motor_151.jpg,612,406,motor_walker,199,81,401,270
886,886,motor_182.jpg,612,408,motor_walker,193,122,343,335
887,887,motor_156.jpg,612,408,motor_walker,146,114,497,408
888,888,bike_672.jpg,267,400,bike_walker,6,133,253,373
889,889,motor_169.jpg,612,438,motor_walker,254,158,423,416
890,890,motor_161.jpg,612,348,motor_walker,146,136,415,348
891,891,bike_320.jpg,1024,768,bike_walker,624,202,1002,664
892,892,motor_159.jpg,439,612,motor_walker,17,193,439,555
893,893,bike_322.jpg,1024,768,bike_walker,320,268,514,600
894,894,bike_322.jpg,1024,768,bike_walker,520,270,682,530
895,895,bike_163.jpg,628,1023,bike_walker,129,143,579,1016
896,896,bike_141.jpg,1600,1167,bike_walker,386,59,1150,1037
897,897,bike_180.jpg,1600,1167,bike_walker,589,268,947,912
898,898,bike_213.jpg,1600,1167,bike_walker,693,180,1430,1022
899,899,motor_369.jpg,1280,853,motor_walker,438,35,1019,764
900,900,motor_357.jpg,1279,857,motor_walker,340,34,898,813
901,901,motor_347.jpg,1000,669,motor_walker,188,1,794,666
902,902,motor_377.jpg,1024,681,motor_walker,591,229,829,603
903,903,motor_371.jpg,500,505,motor_walker,20,4,464,505
904,904,motor_361.jpg,1279,853,motor_walker,404,51,949,829
905,905,motor_359.jpg,700,500,motor_walker,37,30,666,484
906,906,motor_365.jpg,700,500,motor_walker,148,16,591,487
907,907,motor_384.jpg,1000,694,motor_walker,371,4,779,694
908,908,motor_384.jpg,1000,694,motor_walker,44,17,359,668
909,909,motor_379.jpg,1004,565,motor_walker,385,128,769,565
910,910,motor_379.jpg,1004,565,motor_walker,691,104,946,426
911,911,motor_345.jpg,512,341,motor_walker,141,27,326,289
912,912,motor_349.jpg,207,243,motor_walker,8,1,196,236
913,913,motor_382.jpg,500,329,motor_walker,343,221,464,324
914,914,motor_362.jpg,1283,849,motor_walker,342,1,976,840
915,915,bike_272.jpg,1600,1167,bike_walker,247,7,828,1006
916,916,bike_292.jpg,683,1023,bike_walker,41,209,618,1000
917,917,motor_459.jpg,1920,1080,motor_walker,1097,270,1558,1080
918,918,motor_451.jpg,1051,947,motor_walker,72,14,979,905
919,919,motor_482.jpg,1227,920,motor_walker,355,280,709,830
920,920,motor_449.jpg,965,933,motor_walker,377,255,795,781
921,921,motor_442.jpg,645,363,motor_walker,51,7,454,363
922,922,motor_463.jpg,1920,1080,motor_walker,232,1,924,933
923,923,motor_453.jpg,1920,1080,motor_walker,381,342,673,853
924,924,motor_453.jpg,1920,1080,motor_walker,809,384,1184,1020
925,925,motor_453.jpg,1920,1080,motor_walker,1221,375,1809,1080
926,926,motor_453.jpg,1920,1080,motor_walker,1,327,351,1034
927,927,motor_466.jpg,720,1280,motor_walker,107,72,578,1049
928,928,motor_469.jpg,2048,1364,motor_walker,287,284,1426,1364
929,929,motor_484.jpg,1227,920,motor_walker,288,311,643,825
930,930,motor_480.jpg,720,960,motor_walker,117,256,574,844
931,931,motor_444.jpg,1200,480,motor_walker,9,6,626,472
932,932,motor_455.jpg,1920,1080,motor_walker,1497,599,1920,1080
933,933,motor_455.jpg,1920,1080,motor_walker,1114,583,1323,862
934,934,motor_455.jpg,1920,1080,motor_walker,864,544,1014,783
935,935,motor_471.jpg,2048,1365,motor_walker,478,200,1725,1365
936,936,bike_256.jpg,1600,1167,bike_walker,418,52,1276,1057
937,937,bike_235.jpg,1600,1167,bike_walker,710,96,1272,912
938,938,bike_304.jpg,680,1024,bike_walker,5,94,423,951
939,939,motor_418.jpg,1365,2048,motor_walker,406,886,1086,2027
940,940,motor_391.jpg,180,260,motor_walker,10,43,176,230
941,941,motor_406.jpg,1300,956,motor_walker,319,141,1045,796
942,942,motor_388.jpg,600,332,motor_walker,160,39,478,300
943,943,motor_416.jpg,1024,683,motor_walker,468,201,831,584
944,944,motor_427.jpg,640,960,motor_walker,130,324,518,878
945,945,motor_427.jpg,640,960,motor_walker,209,300,321,481
946,946,motor_411.jpg,450,302,motor_walker,63,26,303,249
947,947,motor_425.jpg,800,533,motor_walker,320,123,511,463
948,948,motor_425.jpg,800,533,motor_walker,574,162,596,205
949,949,motor_425.jpg,800,533,motor_walker,554,166,571,199
950,950,motor_425.jpg,800,533,motor_walker,526,164,547,196
951,951,motor_430.jpg,900,600,bike_walker,215,9,645,593
952,952,motor_396.jpg,500,416,motor_walker,79,75,257,367
953,953,motor_433.jpg,1024,1024,motor_walker,209,201,653,950
954,954,motor_413.jpg,500,333,motor_walker,183,27,359,225
955,955,motor_404.jpg,1500,1125,motor_walker,432,330,810,982
956,956,motor_436.jpg,2048,1434,motor_walker,1325,153,1937,1424
957,957,motor_494.jpg,528,960,motor_walker,73,152,394,666
958,958,motor_534.jpg,1200,900,motor_walker,80,1,969,897
959,959,motor_504.jpg,1920,1080,motor_walker,424,492,891,864
960,960,motor_519.jpg,1920,1080,motor_walker,809,173,1468,829
961,961,motor_501.jpg,1920,1080,motor_walker,1,160,522,672
962,962,motor_526.jpg,1920,1080,motor_walker,813,354,1387,792
963,963,motor_492.jpg,720,960,motor_walker,113,131,609,960
964,964,motor_532.jpg,1120,1680,motor_walker,1,225,1028,1680
965,965,motor_511.jpg,1920,1080,motor_walker,828,24,1093,477
966,966,motor_521.jpg,1920,1080,motor_walker,702,37,1148,453
967,967,motor_499.jpg,480,360,motor_walker,287,115,433,317
968,968,motor_538.jpg,600,456,motor_walker,108,144,182,260
969,969,motor_538.jpg,600,456,motor_walker,1,160,76,266
970,970,motor_538.jpg,600,456,motor_walker,310,59,566,456
971,971,motor_490.jpg,2048,1536,motor_walker,688,423,1526,1422
972,972,motor_517.jpg,1920,1080,motor_walker,218,279,746,1079
973,973,motor_590.jpg,660,439,motor_walker,257,167,433,436
974,974,motor_592.jpg,660,440,motor_walker,217,79,378,435
975,975,motor_601.jpg,2048,1367,motor_walker,269,295,1033,1278
976,976,motor_599.jpg,1024,661,motor_walker,89,64,719,650
977,977,motor_602.jpg,1024,556,motor_walker,292,184,675,506
978,978,motor_597.jpg,563,527,motor_walker,83,10,444,511
979,979,motor_588.jpg,620,413,motor_walker,210,100,383,375
980,980,motor_589.jpg,660,440,motor_walker,181,78,367,412
981,981,motor_589.jpg,660,440,motor_walker,384,87,515,301
982,982,motor_591.jpg,400,440,motor_walker,86,120,202,333
983,983,motor_595.jpg,500,375,motor_walker,130,15,351,368
984,984,motor_604.jpg,211,454,motor_walker,11,41,200,454
985,985,motor_584.jpg,806,1080,motor_walker,76,29,794,1064
986,986,bike_1.jpg,1023,682,bike_walker,168,39,738,653
987,987,motor_593.jpg,376,462,motor_walker,25,179,159,415
988,988,motor_579.jpg,1000,666,motor_walker,459,300,815,652
989,989,motor_567.jpg,500,375,motor_walker,121,20,417,369
990,990,motor_559.jpg,1280,720,motor_walker,212,8,855,720
991,991,motor_577.jpg,1000,666,motor_walker,565,238,708,506
992,992,motor_571.jpg,2000,1333,motor_walker,399,559,719,1050
993,993,motor_571.jpg,2000,1333,motor_walker,802,580,1181,1283
994,994,motor_554.jpg,320,320,motor_walker,72,12,224,285
995,995,bike_321.jpg,1023,683,bike_walker,432,130,718,674
996,996,motor_555.jpg,1024,768,motor_walker,1,266,376,675
997,997,motor_555.jpg,1024,768,motor_walker,371,287,592,608
998,998,motor_555.jpg,1024,768,motor_walker,595,291,808,572
999,999,motor_555.jpg,1024,768,motor_walker,837,304,995,558
1000,1000,motor_572.jpg,540,960,motor_walker,68,139,436,960
1001,1001,motor_562.jpg,1365,2048,motor_walker,171,697,991,1964
1002,1002,motor_557.jpg,420,280,motor_walker,32,33,280,271
1003,1003,motor_160.jpg,612,409,motor_walker,48,39,253,395
1004,1004,motor_558.jpg,2000,1070,motor_walker,102,80,1527,1028
1005,1005,motor_568.jpg,500,300,motor_walker,18,3,201,203
1006,1006,motor_586.jpg,500,719,motor_walker,197,115,366,425
1007,1007,bike_8.jpg,600,420,bike_walker,174,61,330,376
1008,1008,bike_251.jpg,600,420,bike_walker,83,47,433,375
1009,1009,bike_288.jpg,600,420,bike_walker,129,40,429,377
1010,1010,motor_587.jpg,500,700,motor_walker,196,100,400,422
1011,1011,bike_64.jpg,600,420,bike_walker,395,50,556,382
1012,1012,bike_3.jpg,318,450,bike_walker,90,35,265,440
1013,1013,bike_295.jpg,600,420,bike_walker,26,169,164,343
1014,1014,bike_69.jpg,600,420,bike_walker,366,48,527,375
1015,1015,bike_247.jpg,600,420,bike_walker,205,40,377,372
1016,1016,motor_230.jpg,470,1004,motor_walker,88,193,465,826
1017,1017,motor_585.jpg,500,746,motor_walker,41,130,447,555
1018,1018,bike_248.jpg,600,418,bike_walker,261,124,346,309
1019,1019,bike_250.jpg,600,420,bike_walker,284,65,426,351
1020,1020,bike_250.jpg,600,420,bike_walker,104,64,249,362
1021,1021,motor_269.jpg,700,787,motor_walker,81,16,640,763
1022,1022,motor_344.jpg,960,640,motor_walker,372,89,707,589
1023,1023,motor_344.jpg,960,640,motor_walker,721,128,875,376
1024,1024,motor_405.jpg,480,360,motor_walker,215,27,480,349
1025,1025,motor_246.jpg,1300,1009,motor_walker,264,177,887,819
1026,1026,motor_340.jpg,830,556,motor_walker,43,52,380,519
1027,1027,motor_297.jpg,512,384,motor_walker,88,45,385,384
1028,1028,motor_372.jpg,680,468,motor_walker,408,173,579,386
1029,1029,motor_233.jpg,600,420,motor_walker,96,66,443,391
1030,1030,motor_290.jpg,350,240,motor_walker,129,17,246,227
1031,1031,motor_387.jpg,400,300,motor_walker,139,43,296,279
1032,1032,motor_330.jpg,266,363,motor_walker,12,23,241,357
1033,1033,motor_267.jpg,500,818,motor_walker,170,224,442,678
1034,1034,motor_348.jpg,512,372,motor_walker,118,3,431,372
1035,1035,motor_286.jpg,670,350,motor_walker,302,61,462,332
1036,1036,motor_509.jpg,1024,683,motor_walker,375,52,793,602
1037,1037,motor_528.jpg,1000,666,motor_walker,436,221,620,519
1038,1038,motor_574.jpg,1000,666,motor_walker,564,242,708,508
1039,1039,motor_582.jpg,2048,1072,motor_walker,1128,91,1688,1039
1040,1040,motor_400.jpg,658,589,motor_walker,15,10,376,501
1041,1041,motor_581.jpg,800,533,motor_walker,333,127,506,448
1042,1042,motor_282.jpg,500,333,motor_walker,263,1,500,302
1043,1043,motor_322.jpg,2048,1366,motor_walker,483,366,1623,1354
1044,1044,motor_513.jpg,1024,683,motor_walker,217,253,504,644
1045,1045,motor_507.jpg,660,440,motor_walker,235,23,398,304
1046,1046,motor_423.jpg,2048,1270,motor_walker,381,315,1005,1262
1047,1047,motor_476.jpg,1068,1364,motor_walker,107,95,1019,1327
1048,1048,motor_506.jpg,1140,1364,motor_walker,85,310,1129,1272
1049,1049,motor_401.jpg,1132,1392,motor_walker,247,126,1001,1280
1050,1050,motor_575.jpg,960,598,motor_walker,542,74,810,529
1051,1051,motor_575.jpg,960,598,motor_walker,194,63,431,470
1052,1052,motor_552.jpg,1193,670,motor_walker,276,50,698,670
1053,1053,motor_573.jpg,2000,1333,motor_walker,686,324,1253,1240
1054,1054,motor_556.jpg,740,444,motor_walker,152,21,624,427
1055,1055,motor_578.jpg,1000,666,motor_walker,284,195,680,599
1056,1056,motor_578.jpg,1000,666,motor_walker,771,198,827,290
1057,1057,motor_543.jpg,780,390,motor_walker,102,30,501,390
1058,1058,motor_547.jpg,2048,1536,motor_walker,381,8,1268,1536
1059,1059,motor_542.jpg,700,395,motor_walker,192,3,543,395
1060,1060,motor_576.jpg,942,619,motor_walker,343,92,594,581
1061,1061,motor_576.jpg,942,619,motor_walker,128,125,292,406
1062,1062,motor_545.jpg,640,424,motor_walker,279,1,499,418
1063,1063,motor_569.jpg,500,281,motor_walker,172,13,298,273
1064,1064,motor_566.jpg,700,467,motor_walker,83,56,225,247
1065,1065,motor_570.jpg,2000,1333,motor_walker,545,247,1126,1257
1066,1066,motor_570.jpg,2000,1333,motor_walker,1172,252,1565,902
1067,1067,motor_563.jpg,600,405,motor_walker,50,4,378,396
1068,1068,bike_314.jpg,1067,1700,bike_walker,285,249,839,1408
1069,1069,motor_343.jpg,602,371,motor_walker,147,82,308,339
1070,1070,motor_261.jpg,1300,955,motor_walker,446,153,854,836
1071,1071,motor_192.jpg,1300,956,motor_walker,209,1,664,744
1072,1072,motor_304.jpg,660,439,motor_walker,275,170,451,435
1073,1073,motor_304.jpg,660,439,motor_walker,265,147,357,251
1074,1074,motor_544.jpg,780,470,motor_walker,25,29,359,446
1075,1075,motor_546.jpg,640,416,motor_walker,136,15,358,352
1076,1076,motor_548.jpg,3648,2736,motor_walker,1594,879,2223,2058
1077,1077,motor_535.jpg,1600,1200,motor_walker,177,274,1253,1075
1078,1078,motor_529.jpg,1920,1080,motor_walker,968,114,1346,653
1079,1079,motor_524.jpg,1920,1080,motor_walker,837,522,1128,817
1080,1080,motor_539.jpg,1600,875,motor_walker,460,264,960,875
1081,1081,motor_536.jpg,1200,900,motor_walker,34,160,871,847
1082,1082,motor_551.jpg,650,366,motor_walker,421,31,611,356
1083,1083,motor_522.jpg,1920,1080,motor_walker,382,1,834,638
1084,1084,motor_527.jpg,660,440,motor_walker,138,183,233,346
1085,1085,motor_533.jpg,1200,900,motor_walker,434,1,1170,899
1086,1086,motor_541.jpg,282,179,motor_walker,18,13,259,179
1087,1087,motor_531.jpg,1600,1200,motor_walker,269,113,1415,1084
1088,1088,motor_495.jpg,540,960,motor_walker,156,259,301,433
1089,1089,motor_491.jpg,1638,2048,motor_walker,370,145,1396,2048
1090,1090,motor_483.jpg,1227,920,motor_walker,366,399,686,875
1091,1091,motor_503.jpg,1408,1364,motor_walker,310,330,1389,1358
1092,1092,motor_481.jpg,960,720,motor_walker,353,366,686,704
1093,1093,motor_496.jpg,720,960,motor_walker,226,117,550,711
1094,1094,motor_510.jpg,1920,1080,motor_walker,661,230,1107,933
1095,1095,motor_500.jpg,1920,1080,motor_walker,189,182,752,649
1096,1096,motor_516.jpg,1920,1080,motor_walker,1144,498,1583,1025
1097,1097,motor_493.jpg,528,960,motor_walker,159,215,523,824
1098,1098,motor_508.jpg,660,440,motor_walker,272,56,481,440
1099,1099,motor_514.jpg,924,590,motor_walker,511,112,881,531
1100,1100,motor_514.jpg,924,590,motor_walker,133,66,509,556
1101,1101,motor_489.jpg,2048,1536,motor_walker,864,341,1505,1470
1102,1102,motor_502.jpg,559,683,motor_walker,209,271,416,637
1103,1103,motor_412.jpg,800,600,motor_walker,224,184,401,432
1104,1104,motor_402.jpg,600,874,motor_walker,22,108,600,853
1105,1105,motor_420.jpg,1225,817,motor_walker,528,344,837,774
1106,1106,motor_414.jpg,1024,576,motor_walker,107,1,662,576
1107,1107,motor_407.jpg,1024,694,motor_walker,305,36,993,660
1108,1108,motor_399.jpg,480,640,motor_walker,66,64,404,624
1109,1109,motor_395.jpg,640,443,motor_walker,310,14,612,374
1110,1110,motor_415.jpg,665,443,motor_walker,455,190,582,426
1111,1111,motor_409.jpg,2000,1333,motor_walker,666,340,1226,1236
1112,1112,motor_398.jpg,800,575,motor_walker,367,64,685,557
1113,1113,motor_403.jpg,1024,635,motor_walker,217,73,971,635
1114,1114,motor_410.jpg,1080,810,motor_walker,364,393,909,794
1115,1115,motor_393.jpg,800,533,motor_walker,135,227,374,496
1116,1116,motor_397.jpg,746,682,motor_walker,46,20,746,651
1117,1117,motor_474.jpg,604,960,motor_walker,331,284,603,692
1118,1118,motor_470.jpg,2048,1364,motor_walker,1035,632,1875,1261
1119,1119,motor_454.jpg,1920,1080,motor_walker,473,207,1016,1065
1120,1120,motor_454.jpg,1920,1080,motor_walker,1228,229,1920,1080
1121,1121,motor_454.jpg,1920,1080,motor_walker,76,302,434,839
1122,1122,motor_467.jpg,1079,1352,motor_walker,1,242,1066,1352
1123,1123,motor_472.jpg,2048,1365,motor_walker,696,514,1225,1365
1124,1124,motor_458.jpg,1920,1080,motor_walker,441,49,1161,990
1125,1125,motor_465.jpg,1920,1080,motor_walker,711,1,1757,943
1126,1126,motor_462.jpg,1920,1080,motor_walker,139,87,1477,1080
1127,1127,motor_456.jpg,1920,1080,motor_walker,342,53,1081,1080
1128,1128,motor_452.jpg,1177,967,motor_walker,254,18,812,892
1129,1129,motor_460.jpg,1920,1080,motor_walker,826,168,1561,1080
1130,1130,motor_464.jpg,1024,683,motor_walker,299,188,872,550
1131,1131,motor_468.jpg,2048,1365,motor_walker,487,411,1119,1365
1132,1132,motor_450.jpg,775,951,motor_walker,225,285,681,834
1133,1133,motor_438.jpg,400,300,motor_walker,133,5,275,299
1134,1134,motor_441.jpg,868,1012,motor_walker,139,381,856,1006
1135,1135,motor_428.jpg,932,874,motor_walker,71,174,908,874
1136,1136,motor_439.jpg,1120,700,motor_walker,589,175,792,438
1137,1137,motor_443.jpg,1200,480,motor_walker,43,23,654,475
1138,1138,motor_437.jpg,720,720,motor_walker,247,31,567,712
1139,1139,motor_422.jpg,960,640,motor_walker,186,28,531,600
1140,1140,motor_426.jpg,1000,1500,motor_walker,188,214,852,1233
1141,1141,motor_445.jpg,2048,1378,motor_walker,822,489,1290,1128
1142,1142,motor_424.jpg,800,533,motor_walker,319,99,513,472
1143,1143,motor_424.jpg,800,533,motor_walker,544,199,660,427
1144,1144,motor_424.jpg,800,533,motor_walker,69,120,288,470
1145,1145,motor_447.jpg,1687,1003,motor_walker,444,7,1114,981
1146,1146,motor_429.jpg,640,427,motor_walker,370,86,505,295
1147,1147,motor_429.jpg,640,427,motor_walker,178,77,358,401
1148,1148,motor_431.jpg,1200,675,motor_walker,995,206,1195,542
1149,1149,motor_431.jpg,1200,675,motor_walker,664,204,1015,502
1150,1150,motor_431.jpg,1200,675,motor_walker,244,212,716,592
1151,1151,motor_431.jpg,1200,675,motor_walker,12,191,252,549
1152,1152,motor_435.jpg,640,960,motor_walker,10,15,634,947
1153,1153,motor_386.jpg,1600,1236,motor_walker,712,170,1496,1155
1154,1154,motor_488.jpg,960,720,motor_walker,364,260,605,650
1155,1155,motor_363.jpg,470,640,motor_walker,16,135,227,523
1156,1156,motor_374.jpg,960,640,motor_walker,175,112,673,580
1157,1157,motor_389.jpg,480,360,motor_walker,53,8,308,322
1158,1158,motor_376.jpg,869,1390,motor_walker,81,62,779,1234
1159,1159,motor_383.jpg,512,287,motor_walker,93,3,422,287
1160,1160,motor_381.jpg,680,451,motor_walker,160,40,348,415
1161,1161,motor_358.jpg,512,384,motor_walker,164,47,372,346
1162,1162,motor_390.jpg,400,305,motor_walker,160,45,307,264
1163,1163,motor_380.jpg,1920,1421,motor_walker,527,129,1181,1200
1164,1164,motor_368.jpg,1280,720,motor_walker,485,76,962,693
1165,1165,motor_375.jpg,296,244,motor_walker,100,11,226,241
1166,1166,motor_364.jpg,400,600,motor_walker,66,156,347,579
1167,1167,motor_370.jpg,750,566,motor_walker,115,4,750,559
1168,1168,motor_360.jpg,275,183,motor_walker,31,21,250,170
1169,1169,motor_440.jpg,950,520,motor_walker,517,181,678,506
1170,1170,motor_440.jpg,950,520,motor_walker,367,179,508,501
1171,1171,motor_440.jpg,950,520,motor_walker,161,174,359,511
1172,1172,motor_333.jpg,700,465,motor_walker,274,105,509,386
1173,1173,motor_354.jpg,742,1056,motor_walker,207,140,637,869
1174,1174,motor_337.jpg,600,450,motor_walker,195,122,394,352
1175,1175,motor_319.jpg,612,816,motor_walker,76,82,535,770
1176,1176,motor_352.jpg,1000,649,motor_walker,43,329,401,622
1177,1177,motor_328.jpg,665,374,motor_walker,70,14,305,322
1178,1178,motor_332.jpg,792,912,motor_walker,102,287,721,898
1179,1179,motor_323.jpg,700,465,motor_walker,350,64,576,456
1180,1180,motor_321.jpg,2048,1536,motor_walker,464,1,1323,1522
1181,1181,motor_335.jpg,750,500,motor_walker,476,45,646,354
1182,1182,motor_355.jpg,719,686,motor_walker,268,149,510,576
1183,1183,motor_338.jpg,448,299,motor_walker,87,62,215,260
1184,1184,motor_353.jpg,1192,1320,motor_walker,365,205,1055,1288
1185,1185,motor_342.jpg,780,440,motor_walker,215,6,590,440
1186,1186,motor_540.jpg,600,400,motor_walker,164,1,410,366
1187,1187,motor_518.jpg,1920,1080,motor_walker,209,207,723,1077
1188,1188,motor_229.jpg,728,410,motor_walker,194,3,510,410
1189,1189,motor_141.jpg,612,418,motor_walker,1,6,607,418
1190,1190,motor_168.jpg,408,612,motor_walker,63,49,307,353
1191,1191,motor_149.jpg,612,414,motor_walker,181,26,605,387
1192,1192,motor_148.jpg,612,420,motor_walker,139,83,543,387
1193,1193,motor_152.jpg,612,407,motor_walker,129,97,295,333
1194,1194,motor_165.jpg,612,408,motor_walker,230,199,300,290
1195,1195,motor_150.jpg,612,408,motor_walker,182,120,363,378
1196,1196,motor_145.jpg,612,407,motor_walker,199,65,572,396
1197,1197,motor_172.jpg,612,385,motor_walker,185,138,370,340
1198,1198,motor_167.jpg,612,428,motor_walker,24,169,320,390
1199,1199,motor_142.jpg,612,399,motor_walker,247,46,510,345
1200,1200,motor_158.jpg,612,408,motor_walker,214,77,605,390
1201,1201,motor_144.jpg,612,408,motor_walker,214,32,501,384
1202,1202,motor_157.jpg,612,394,motor_walker,196,136,343,269
1203,1203,motor_157.jpg,612,394,motor_walker,427,164,563,300
1204,1204,motor_356.jpg,1200,1600,motor_walker,298,433,775,994
1205,1205,motor_475.jpg,644,960,motor_walker,286,461,439,726
1206,1206,motor_307.jpg,612,408,motor_walker,134,70,355,398
1207,1207,motor_313.jpg,427,680,motor_walker,14,213,213,520
1208,1208,motor_299.jpg,299,168,motor_walker,71,2,269,168
1209,1209,motor_303.jpg,800,533,motor_walker,312,123,511,445
1210,1210,motor_303.jpg,800,533,motor_walker,573,163,596,205
1211,1211,motor_303.jpg,800,533,motor_walker,552,165,571,201
1212,1212,motor_303.jpg,800,533,motor_walker,527,164,543,198
1213,1213,motor_312.jpg,800,800,motor_walker,40,67,762,800
1214,1214,motor_281.jpg,600,861,motor_walker,129,321,510,861
1215,1215,motor_294.jpg,700,452,motor_walker,134,1,359,447
1216,1216,motor_277.jpg,480,360,motor_walker,76,48,396,355
1217,1217,motor_273.jpg,612,363,motor_walker,341,134,447,297
1218,1218,motor_295.jpg,960,720,motor_walker,144,116,719,714
1219,1219,motor_284.jpg,1300,956,motor_walker,382,62,871,879
1220,1220,motor_283.jpg,400,620,motor_walker,42,146,313,493
1221,1221,motor_288.jpg,660,440,motor_walker,164,135,255,314
1222,1222,motor_288.jpg,660,440,bike_walker,278,158,339,261
1223,1223,motor_310.jpg,894,1304,motor_walker,94,294,782,1302
1224,1224,motor_583.jpg,1000,666,motor_walker,264,202,683,600
1225,1225,motor_580.jpg,1000,666,motor_walker,312,356,536,579
1226,1226,motor_245.jpg,780,640,motor_walker,327,97,612,574
1227,1227,motor_603.jpg,538,918,motor_walker,46,194,406,876
1228,1228,motor_553.jpg,800,511,motor_walker,373,223,533,506
1229,1229,motor_448.jpg,949,847,motor_walker,456,163,884,694
1230,1230,motor_392.jpg,369,480,motor_walker,30,7,364,467
1231,1231,motor_136.jpg,612,374,motor_walker,208,30,364,343
1232,1232,motor_136.jpg,612,374,motor_walker,366,25,530,366
1233,1233,motor_136.jpg,612,374,motor_walker,10,82,206,364
1234,1234,motor_123.jpg,612,408,motor_walker,11,7,564,392
1235,1235,motor_122.jpg,612,427,motor_walker,16,51,552,427
1236,1236,motor_133.jpg,612,408,motor_walker,198,96,450,308
1237,1237,motor_125.jpg,1024,709,motor_walker,330,128,991,709
1238,1238,motor_137.jpg,612,387,motor_walker,450,144,594,375
1239,1239,motor_137.jpg,612,387,motor_walker,286,149,401,336
1240,1240,motor_137.jpg,612,387,motor_walker,158,117,275,332
1241,1241,motor_137.jpg,612,387,motor_walker,49,130,142,323
1242,1242,motor_139.jpg,612,408,motor_walker,31,36,376,408
1243,1243,motor_127.jpg,612,332,motor_walker,168,107,411,304
1244,1244,motor_135.jpg,612,409,motor_walker,236,165,346,327
1245,1245,motor_121.jpg,612,382,motor_walker,370,152,521,343
1246,1246,motor_124.jpg,480,446,motor_walker,248,170,406,393
1247,1247,motor_132.jpg,612,401,motor_walker,193,128,464,398
1248,1248,motor_134.jpg,612,407,motor_walker,256,70,507,407
1249,1249,motor_130.jpg,612,408,motor_walker,118,160,264,376
1250,1250,motor_227.jpg,2000,1322,motor_walker,817,225,1512,1322
1251,1251,motor_227.jpg,2000,1322,motor_walker,1537,116,1928,837
1252,1252,motor_211.jpg,600,400,motor_walker,25,17,569,400
1253,1253,motor_231.jpg,1280,720,motor_walker,133,1,874,707
1254,1254,motor_225.jpg,256,197,motor_walker,60,1,219,197
1255,1255,motor_226.jpg,648,469,motor_walker,61,5,489,469
1256,1256,motor_224.jpg,350,240,motor_walker,75,2,238,227
1257,1257,motor_210.jpg,600,400,motor_walker,24,23,576,395
1258,1258,motor_218.jpg,660,440,motor_walker,250,68,418,362
1259,1259,motor_216.jpg,960,640,motor_walker,500,205,857,524
1260,1260,motor_212.jpg,1300,1039,motor_walker,91,121,880,932
1261,1261,motor_221.jpg,660,924,motor_walker,61,402,392,873
1262,1262,motor_221.jpg,660,924,motor_walker,383,370,482,545
1263,1263,motor_220.jpg,660,440,motor_walker,242,143,433,437
1264,1264,motor_222.jpg,392,375,motor_walker,113,96,262,346
1265,1265,motor_215.jpg,612,408,motor_walker,199,35,510,390
1266,1266,motor_421.jpg,1024,706,motor_walker,413,37,1002,660
1267,1267,motor_265.jpg,450,800,motor_walker,36,57,352,663
1268,1268,motor_244.jpg,600,400,motor_walker,149,46,322,275
1269,1269,motor_264.jpg,1200,798,motor_walker,429,148,778,774
1270,1270,motor_243.jpg,1600,1200,motor_walker,165,18,1387,1200
1271,1271,motor_239.jpg,1600,1030,motor_walker,548,73,1325,848
1272,1272,motor_249.jpg,866,1390,motor_walker,221,459,769,1247
1273,1273,motor_260.jpg,433,650,motor_walker,1,174,353,644
1274,1274,motor_250.jpg,800,748,motor_walker,90,10,663,741
1275,1275,motor_241.jpg,1300,957,motor_walker,437,258,765,729
1276,1276,motor_256.jpg,866,1390,motor_walker,69,265,637,1068
1277,1277,motor_258.jpg,500,334,motor_walker,154,54,356,308
1278,1278,motor_253.jpg,660,356,motor_walker,16,104,372,356
1279,1279,motor_236.jpg,512,437,motor_walker,16,24,507,417
1280,1280,motor_259.jpg,680,510,motor_walker,110,3,550,495
1281,1281,motor_98.jpg,435,612,motor_walker,27,106,417,521
1282,1282,motor_94.jpg,612,460,motor_walker,176,214,438,432
1283,1283,motor_96.jpg,612,408,motor_walker,235,93,408,333
1284,1284,motor_99.jpg,612,408,motor_walker,209,110,489,369
1285,1285,motor_93.jpg,612,407,motor_walker,215,11,356,226
1286,1286,motor_97.jpg,612,408,motor_walker,180,89,474,326
1287,1287,motor_91.jpg,612,407,motor_walker,82,81,600,407
1288,1288,motor_90.jpg,612,405,motor_walker,153,127,413,340
1289,1289,motor_87.jpg,612,408,motor_walker,286,129,452,371
1290,1290,motor_85.jpg,612,338,motor_walker,217,46,349,228
1291,1291,motor_88.jpg,612,408,motor_walker,145,128,265,394
1292,1292,motor_88.jpg,612,408,motor_walker,257,82,612,408
1293,1293,motor_92.jpg,666,732,motor_walker,232,222,507,681
1294,1294,motor_89.jpg,612,408,motor_walker,74,2,542,408
1295,1295,motor_86.jpg,612,408,motor_walker,291,104,485,269
1296,1296,bike_2.jpg,1023,682,bike_walker,223,145,468,658
1297,1297,bike_22.jpg,1365,2048,bike_walker,247,373,1195,1684
1298,1298,bike_16.jpg,1600,1167,bike_walker,730,230,1120,1007
1299,1299,bike_16.jpg,1600,1167,bike_walker,245,220,686,1018
1300,1300,bike_7.jpg,640,640,bike_walker,326,86,581,579
1301,1301,bike_17.jpg,1600,1167,bike_walker,444,176,920,1015
1302,1302,bike_17.jpg,1600,1167,bike_walker,945,204,1403,996
1303,1303,bike_11.jpg,682,1024,bike_walker,47,253,506,977
1304,1304,bike_20.jpg,1280,853,bike_walker,268,297,708,827
1305,1305,bike_20.jpg,1280,853,bike_walker,613,113,1190,853
1306,1306,bike_5.jpg,640,640,bike_walker,44,14,400,640
1307,1307,bike_5.jpg,640,640,bike_walker,346,1,639,639
1308,1308,bike_14.jpg,640,458,bike_walker,267,59,476,438
1309,1309,bike_18.jpg,1600,1167,bike_walker,850,70,1425,1027
1310,1310,bike_18.jpg,1600,1167,bike_walker,252,91,830,1020
1311,1311,bike_19.jpg,1600,1167,bike_walker,860,5,1600,1064
1312,1312,bike_19.jpg,1600,1167,bike_walker,124,27,782,1065
1313,1313,bike_9.jpg,640,640,bike_walker,181,25,478,587
1314,1314,bike_12.jpg,682,1024,bike_walker,1,118,466,1022
1315,1315,bike_13.jpg,500,260,bike_walker,131,10,229,260
1316,1316,bike_13.jpg,500,260,bike_walker,216,1,345,260
1317,1317,bike_73.jpg,1600,1168,bike_walker,808,116,1313,1044
1318,1318,bike_79.jpg,1023,683,bike_walker,579,179,817,572
1319,1319,bike_67.jpg,1023,719,bike_walker,187,241,556,671
1320,1320,bike_66.jpg,719,1023,bike_walker,184,273,544,1007
1321,1321,bike_68.jpg,719,1023,bike_walker,112,319,643,825
1322,1322,bike_81.jpg,1600,1163,bike_walker,219,203,1083,1045
1323,1323,bike_63.jpg,1600,1167,bike_walker,738,297,1328,978
1324,1324,bike_70.jpg,1067,1700,bike_walker,92,390,1067,1608
1325,1325,bike_77.jpg,1067,1700,bike_walker,214,379,892,1506
1326,1326,bike_78.jpg,1600,1167,bike_walker,534,206,1115,980
1327,1327,bike_80.jpg,1023,683,bike_walker,15,55,553,640
1328,1328,bike_75.jpg,1600,1167,bike_walker,823,147,1271,1021
1329,1329,bike_65.jpg,1600,1167,bike_walker,738,274,1192,1053
1330,1330,bike_74.jpg,1600,1168,bike_walker,261,206,999,1020
1331,1331,bike_104.jpg,678,1024,bike_walker,90,82,611,989
1332,1332,bike_101.jpg,1023,681,bike_walker,324,131,594,681
1333,1333,bike_100.jpg,1023,681,bike_walker,328,160,587,647
1334,1334,bike_106.jpg,1600,1208,bike_walker,467,25,1532,1070
1335,1335,bike_99.jpg,681,1023,bike_walker,259,161,514,750
1336,1336,bike_116.jpg,1067,1700,bike_walker,3,206,1067,1601
1337,1337,bike_119.jpg,1068,1700,bike_walker,276,420,1044,1531
1338,1338,bike_112.jpg,1600,1124,bike_walker,254,108,1013,1030
1339,1339,bike_114.jpg,1067,1700,bike_walker,3,220,1067,1590
1340,1340,bike_117.jpg,1067,1700,bike_walker,3,186,1064,1585
1341,1341,bike_103.jpg,1600,1126,bike_walker,693,199,1183,899
1342,1342,bike_105.jpg,1023,682,bike_walker,401,109,723,682
1343,1343,bike_102.jpg,1023,682,bike_walker,343,155,692,617
1344,1344,bike_111.jpg,1600,1167,bike_walker,318,158,903,1068
1345,1345,bike_90.jpg,1600,1167,bike_walker,780,101,1489,976
1346,1346,bike_84.jpg,1600,1167,bike_walker,587,238,1023,1010
1347,1347,bike_94.jpg,1600,1168,bike_walker,615,184,1408,1023
1348,1348,bike_85.jpg,1600,1167,bike_walker,673,275,1034,960
1349,1349,bike_89.jpg,1600,1167,bike_walker,360,179,1091,997
1350,1350,bike_88.jpg,1067,1700,bike_walker,87,308,871,1560
1351,1351,bike_97.jpg,1600,1167,bike_walker,419,172,868,1069
1352,1352,bike_92.jpg,1600,1167,bike_walker,676,138,1308,1072
1353,1353,bike_91.jpg,1600,1167,bike_walker,854,181,1356,1069
1354,1354,bike_87.jpg,1600,1167,bike_walker,528,110,1028,1030
1355,1355,bike_93.jpg,1068,1700,bike_walker,192,313,998,1504
1356,1356,bike_95.jpg,1067,1700,bike_walker,285,588,862,1608
1357,1357,bike_96.jpg,1600,1162,bike_walker,552,104,1430,1036
1358,1358,bike_86.jpg,1067,1700,bike_walker,269,476,917,1519
1359,1359,bike_36.jpg,1600,1167,bike_walker,555,189,1410,1068
1360,1360,bike_30.jpg,1600,1167,bike_walker,546,133,1219,1060
1361,1361,bike_31.jpg,1600,1167,bike_walker,456,178,1251,1000
1362,1362,bike_37.jpg,1600,1167,bike_walker,684,116,1175,979
1363,1363,bike_33.jpg,1600,1167,bike_walker,684,447,908,948
1364,1364,bike_25.jpg,1000,667,bike_walker,1,120,513,646
1365,1365,bike_27.jpg,866,1300,bike_walker,163,257,572,1123
1366,1366,bike_35.jpg,1600,944,bike_walker,274,34,934,845
1367,1367,bike_40.jpg,1048,1700,bike_walker,123,79,800,1535
1368,1368,bike_29.jpg,1600,1167,bike_walker,508,110,1335,1038
1369,1369,bike_34.jpg,1600,1167,bike_walker,682,63,1110,900
1370,1370,bike_32.jpg,1600,1180,bike_walker,199,304,877,968
1371,1371,bike_39.jpg,1067,1700,bike_walker,267,413,823,1524
1372,1372,bike_26.jpg,1256,1390,bike_walker,469,235,984,1159
